,nr,name,y,x,google map
0,1,Abundancia,38.381987,-6.640711,"http://maps.google.com/maps?ll=38.381987,-6.640711&spn=0.01,0.01&t=h&q=38.381987,-6.640711"
1,2,Almaşu Mare,46.110667,23.116399,"http://maps.google.com/maps?ll=46.110667,23.116399&spn=0.01,0.01&t=h&q=46.110667,23.116399"
2,3,Scărişoara,46.466667,22.85,"http://maps.google.com/maps?ll=46.466667,22.85&spn=0.01,0.01&t=h&q=46.466667,22.85"
3,4,Vidolm,46.480108,23.511795,"http://maps.google.com/maps?ll=46.480108,23.511795&spn=0.01,0.01&t=h&q=46.480108,23.511795"
4,5,Sălciua de Sus,46.39432,23.40113,"http://maps.google.com/maps?ll=46.39432,23.40113&spn=0.01,0.01&t=h&q=46.39432,23.40113"
5,6,Bucium,46.264,23.176,"http://maps.google.com/maps?ll=46.264,23.176&spn=0.01,0.01&t=h&q=46.264,23.176"
6,7,Valea Dosului,46.166667,23.166667,"http://maps.google.com/maps?ll=46.166667,23.166667&spn=0.01,0.01&t=h&q=46.166667,23.166667"
7,8,Bistra,46.378701,23.102108,"http://maps.google.com/maps?ll=46.378701,23.102108&spn=0.01,0.01&t=h&q=46.378701,23.102108"
8,9,Roşia Montană,46.3,23.133333,"http://maps.google.com/maps?ll=46.3,23.133333&spn=0.01,0.01&t=h&q=46.3,23.133333"
9,10,Avram Iancu,46.345392,22.873996,"http://maps.google.com/maps?ll=46.345392,22.873996&spn=0.01,0.01&t=h&q=46.345392,22.873996"
10,11,Albac,46.453429,22.949816,"http://maps.google.com/maps?ll=46.453429,22.949816&spn=0.01,0.01&t=h&q=46.453429,22.949816"
11,12,Lupşa,46.369096,23.206326,"http://maps.google.com/maps?ll=46.369096,23.206326&spn=0.01,0.01&t=h&q=46.369096,23.206326"
12,13,San Juan Bautista,38.611369,-4.498596,"http://maps.google.com/maps?ll=38.611369,-4.498596&spn=0.01,0.01&t=h&q=38.611369,-4.498596"
13,14,San Quintin,38.8167,-4.2833,"http://maps.google.com/maps?ll=38.8167,-4.2833&spn=0.01,0.01&t=h&q=38.8167,-4.2833"
14,15,Pozo Rico (Alcudia),38.43136,-3.944377,"http://maps.google.com/maps?ll=38.43136,-3.944377&spn=0.01,0.01&t=h&q=38.43136,-3.944377"
15,16,La Fortuna,38.834203,-4.358941,"http://maps.google.com/maps?ll=38.834203,-4.358941&spn=0.01,0.01&t=h&q=38.834203,-4.358941"
16,17,Los Dolores,38.643081,-4.451896,"http://maps.google.com/maps?ll=38.643081,-4.451896&spn=0.01,0.01&t=h&q=38.643081,-4.451896"
17,18,Los Galayos,38.451619,-3.938281,"http://maps.google.com/maps?ll=38.451619,-3.938281&spn=0.01,0.01&t=h&q=38.451619,-3.938281"
18,19,Villagutiérrez,38.906131,-4.455302,"http://maps.google.com/maps?ll=38.906131,-4.455302&spn=0.01,0.01&t=h&q=38.906131,-4.455302"
19,20,Petaca,38.557017,-4.251091,"http://maps.google.com/maps?ll=38.557017,-4.251091&spn=0.01,0.01&t=h&q=38.557017,-4.251091"
20,21,Valdeinfierno,38.865672,-4.523955,"http://maps.google.com/maps?ll=38.865672,-4.523955&spn=0.01,0.01&t=h&q=38.865672,-4.523955"
21,22,Castellar,38.883867,-4.484575,"http://maps.google.com/maps?ll=38.883867,-4.484575&spn=0.01,0.01&t=h&q=38.883867,-4.484575"
22,23,La Victoria,38.814278,-4.497437,"http://maps.google.com/maps?ll=38.814278,-4.497437&spn=0.01,0.01&t=h&q=38.814278,-4.497437"
23,24,Candelaria,38.661911,-4.546586,"http://maps.google.com/maps?ll=38.661911,-4.546586&spn=0.01,0.01&t=h&q=38.661911,-4.546586"
24,25,Solana Ballesteros,38.72335,-4.862978,"http://maps.google.com/maps?ll=38.72335,-4.862978&spn=0.01,0.01&t=h&q=38.72335,-4.862978"
25,26,Quinto del Hierro,38.745273,-4.759526,"http://maps.google.com/maps?ll=38.745273,-4.759526&spn=0.01,0.01&t=h&q=38.745273,-4.759526"
26,27,El Pleito,38.80539,-4.404521,"http://maps.google.com/maps?ll=38.80539,-4.404521&spn=0.01,0.01&t=h&q=38.80539,-4.404521"
27,28,El Mochuelo,38.561692,-4.589125,"http://maps.google.com/maps?ll=38.561692,-4.589125&spn=0.01,0.01&t=h&q=38.561692,-4.589125"
28,29,La Cabra,38.662461,-4.467466,"http://maps.google.com/maps?ll=38.662461,-4.467466&spn=0.01,0.01&t=h&q=38.662461,-4.467466"
29,30,S Marcos,38.659547,-4.523543,"http://maps.google.com/maps?ll=38.659547,-4.523543&spn=0.01,0.01&t=h&q=38.659547,-4.523543"
30,31,El Chorrillo,38.444371,-3.924495,"http://maps.google.com/maps?ll=38.444371,-3.924495&spn=0.01,0.01&t=h&q=38.444371,-3.924495"
31,32,La Luz (Alcudia),38.691206,-4.308443,"http://maps.google.com/maps?ll=38.691206,-4.308443&spn=0.01,0.01&t=h&q=38.691206,-4.308443"
32,33,La Romana,38.633892,-4.415388,"http://maps.google.com/maps?ll=38.633892,-4.415388&spn=0.01,0.01&t=h&q=38.633892,-4.415388"
33,34,Diogenes,38.513458,-4.127,"http://maps.google.com/maps?ll=38.513458,-4.127&spn=0.01,0.01&t=h&q=38.513458,-4.127"
34,35,Romanilla,38.618209,-4.326631,"http://maps.google.com/maps?ll=38.618209,-4.326631&spn=0.01,0.01&t=h&q=38.618209,-4.326631"
35,36,EL Gallo,38.569109,-4.355739,"http://maps.google.com/maps?ll=38.569109,-4.355739&spn=0.01,0.01&t=h&q=38.569109,-4.355739"
36,37,Río Valmayor,38.42108,-4.333395,"http://maps.google.com/maps?ll=38.42108,-4.333395&spn=0.01,0.01&t=h&q=38.42108,-4.333395"
37,38,Socorro,38.726417,-3.691899,"http://maps.google.com/maps?ll=38.726417,-3.691899&spn=0.01,0.01&t=h&q=38.726417,-3.691899"
38,39,San Serafín,38.478176,-4.501499,"http://maps.google.com/maps?ll=38.478176,-4.501499&spn=0.01,0.01&t=h&q=38.478176,-4.501499"
39,40,Las Minillas,38.8815,-4.974539,"http://maps.google.com/maps?ll=38.8815,-4.974539&spn=0.01,0.01&t=h&q=38.8815,-4.974539"
40,41,El Nido,38.62544,-4.364522,"http://maps.google.com/maps?ll=38.62544,-4.364522&spn=0.01,0.01&t=h&q=38.62544,-4.364522"
41,42,Cobatillas,38.66607,-4.56857,"http://maps.google.com/maps?ll=38.66607,-4.56857&spn=0.01,0.01&t=h&q=38.66607,-4.56857"
42,43,El Borracho,38.87977,-4.937013,"http://maps.google.com/maps?ll=38.87977,-4.937013&spn=0.01,0.01&t=h&q=38.87977,-4.937013"
43,44,El Burcio,38.555455,-3.988416,"http://maps.google.com/maps?ll=38.555455,-3.988416&spn=0.01,0.01&t=h&q=38.555455,-3.988416"
44,45,Cotofia,38.574689,-4.230459,"http://maps.google.com/maps?ll=38.574689,-4.230459&spn=0.01,0.01&t=h&q=38.574689,-4.230459"
45,46,Las Pozas,38.536463,-4.082296,"http://maps.google.com/maps?ll=38.536463,-4.082296&spn=0.01,0.01&t=h&q=38.536463,-4.082296"
46,47,Alderley,53.303,-2.236,"http://maps.google.com/maps?ll=53.303,-2.236&spn=0.01,0.01&t=h&q=53.303,-2.236"
47,48,Herdade da Tinoca,39.07045,-7.144265,"http://maps.google.com/maps?ll=39.07045,-7.144265&spn=0.01,0.01&t=h&q=39.07045,-7.144265"
48,49,Aljustrel,39.6167,-8.6667,"http://maps.google.com/maps?ll=39.6167,-8.6667&spn=0.01,0.01&t=h&q=39.6167,-8.6667"
49,50,Brancanes,37.548654,-8.019287,"http://maps.google.com/maps?ll=37.548654,-8.019287&spn=0.01,0.01&t=h&q=37.548654,-8.019287"
50,51,Serra de Caveira,38.246143000000004,-8.415321,"http://maps.google.com/maps?ll=38.246143000000004,-8.415321&spn=0.01,0.01&t=h&q=38.246143000000004,-8.415321"
51,52,Herdade do Montinho,39.01942,-7.875241,"http://maps.google.com/maps?ll=39.01942,-7.875241&spn=0.01,0.01&t=h&q=39.01942,-7.875241"
52,53,Cueva de la Paloma,37.35976,-2.403741,"http://maps.google.com/maps?ll=37.35976,-2.403741&spn=0.01,0.01&t=h&q=37.35976,-2.403741"
53,54,Sierra Almagrera,37.28333,-1.73333,"http://maps.google.com/maps?ll=37.28333,-1.73333&spn=0.01,0.01&t=h&q=37.28333,-1.73333"
54,55,El Charcón,37.55,-2.6,"http://maps.google.com/maps?ll=37.55,-2.6&spn=0.01,0.01&t=h&q=37.55,-2.6"
55,56,Sierra de Gador,36.953897,-2.492955,"http://maps.google.com/maps?ll=36.953897,-2.492955&spn=0.01,0.01&t=h&q=36.953897,-2.492955"
56,57,Pilar de Jaravía,37.393328,-1.692311,"http://maps.google.com/maps?ll=37.393328,-1.692311&spn=0.01,0.01&t=h&q=37.393328,-1.692311"
57,58,Herrerías (Almería),37.296867,-1.985408,"http://maps.google.com/maps?ll=37.296867,-1.985408&spn=0.01,0.01&t=h&q=37.296867,-1.985408"
58,59,Alpartir,41.416667,-1.383333,"http://maps.google.com/maps?ll=41.416667,-1.383333&spn=0.01,0.01&t=h&q=41.416667,-1.383333"
59,60,Stavelot,50.3833,5.9333,"http://maps.google.com/maps?ll=50.3833,5.9333&spn=0.01,0.01&t=h&q=50.3833,5.9333"
60,61,Arditurri,43.272876,-1.796012,"http://maps.google.com/maps?ll=43.272876,-1.796012&spn=0.01,0.01&t=h&q=43.272876,-1.796012"
61,62,Bastide de Serou,43.012778,1.428611,"http://maps.google.com/maps?ll=43.012778,1.428611&spn=0.01,0.01&t=h&q=43.012778,1.428611"
62,63,Tou de la Mine,42.932629,1.443469,"http://maps.google.com/maps?ll=42.932629,1.443469&spn=0.01,0.01&t=h&q=42.932629,1.443469"
63,64,L'Assaladou,42.950758,1.451866,"http://maps.google.com/maps?ll=42.950758,1.451866&spn=0.01,0.01&t=h&q=42.950758,1.451866"
64,65,Castropodame,42.580044,-6.467308,"http://maps.google.com/maps?ll=42.580044,-6.467308&spn=0.01,0.01&t=h&q=42.580044,-6.467308"
65,66,Villar del Monte,42.2333,-6.3167,"http://maps.google.com/maps?ll=42.2333,-6.3167&spn=0.01,0.01&t=h&q=42.2333,-6.3167"
66,67,Río Turieno,42.440161,-6.227791,"http://maps.google.com/maps?ll=42.440161,-6.227791&spn=0.01,0.01&t=h&q=42.440161,-6.227791"
67,68,El Ganso,42.4667,-6.2,"http://maps.google.com/maps?ll=42.4667,-6.2&spn=0.01,0.01&t=h&q=42.4667,-6.2"
68,69,Manzaneda,42.2667,-6.3167,"http://maps.google.com/maps?ll=42.2667,-6.3167&spn=0.01,0.01&t=h&q=42.2667,-6.3167"
69,70,Peña Bellosa,42.373419,-6.319208,"http://maps.google.com/maps?ll=42.373419,-6.319208&spn=0.01,0.01&t=h&q=42.373419,-6.319208"
70,71,La Fucarona,42.50228,-6.219139,"http://maps.google.com/maps?ll=42.50228,-6.219139&spn=0.01,0.01&t=h&q=42.50228,-6.219139"
71,72,Andiñuela,42.457086,-6.315604,"http://maps.google.com/maps?ll=42.457086,-6.315604&spn=0.01,0.01&t=h&q=42.457086,-6.315604"
72,73,Turienzo Castañedo,42.585769,-6.405066,"http://maps.google.com/maps?ll=42.585769,-6.405066&spn=0.01,0.01&t=h&q=42.585769,-6.405066"
73,74,Manzanal del Puerto,42.5833,-6.2167,"http://maps.google.com/maps?ll=42.5833,-6.2167&spn=0.01,0.01&t=h&q=42.5833,-6.2167"
74,75,Espinoso de Compludo,42.4833,-6.5,"http://maps.google.com/maps?ll=42.4833,-6.5&spn=0.01,0.01&t=h&q=42.4833,-6.5"
75,76,Manzarnoso,42.590802,-6.123552,"http://maps.google.com/maps?ll=42.590802,-6.123552&spn=0.01,0.01&t=h&q=42.590802,-6.123552"
76,77,Laguna de Valseco,42.542774,-6.104319,"http://maps.google.com/maps?ll=42.542774,-6.104319&spn=0.01,0.01&t=h&q=42.542774,-6.104319"
77,78,La Fontanilla,42.497126,-6.146855,"http://maps.google.com/maps?ll=42.497126,-6.146855&spn=0.01,0.01&t=h&q=42.497126,-6.146855"
78,79,Morla,42.25,-6.2667,"http://maps.google.com/maps?ll=42.25,-6.2667&spn=0.01,0.01&t=h&q=42.25,-6.2667"
79,80,Prado Posadillas Huergas,42.956365,-6.092918,"http://maps.google.com/maps?ll=42.956365,-6.092918&spn=0.01,0.01&t=h&q=42.956365,-6.092918"
80,81,La Calabaza,42.258059,-6.185815,"http://maps.google.com/maps?ll=42.258059,-6.185815&spn=0.01,0.01&t=h&q=42.258059,-6.185815"
81,82,La Cruz de Hierro,43.0167,-5.8667,"http://maps.google.com/maps?ll=43.0167,-5.8667&spn=0.01,0.01&t=h&q=43.0167,-5.8667"
82,83,Valduerna,42.324237,-6.134766,"http://maps.google.com/maps?ll=42.324237,-6.134766&spn=0.01,0.01&t=h&q=42.324237,-6.134766"
83,84,La Presa,42.353654,-6.272717,"http://maps.google.com/maps?ll=42.353654,-6.272717&spn=0.01,0.01&t=h&q=42.353654,-6.272717"
84,85,Pradorrey,42.5,-6.1167,"http://maps.google.com/maps?ll=42.5,-6.1167&spn=0.01,0.01&t=h&q=42.5,-6.1167"
85,86,Quintanilla de Flórez,42.254763,-6.103111,"http://maps.google.com/maps?ll=42.254763,-6.103111&spn=0.01,0.01&t=h&q=42.254763,-6.103111"
86,87,Teleno,42.345661,-6.39532,"http://maps.google.com/maps?ll=42.345661,-6.39532&spn=0.01,0.01&t=h&q=42.345661,-6.39532"
87,88,Las Murias,42.191923,-6.196437,"http://maps.google.com/maps?ll=42.191923,-6.196437&spn=0.01,0.01&t=h&q=42.191923,-6.196437"
88,89,El Saldonal,42.515802,-6.166569,"http://maps.google.com/maps?ll=42.515802,-6.166569&spn=0.01,0.01&t=h&q=42.515802,-6.166569"
89,90,Atalaya,41.416535,-1.316172,"http://maps.google.com/maps?ll=41.416535,-1.316172&spn=0.01,0.01&t=h&q=41.416535,-1.316172"
90,91,Pontgibaud,45.833,2.851,"http://maps.google.com/maps?ll=45.833,2.851&spn=0.01,0.01&t=h&q=45.833,2.851"
91,92,Zeleznik,44.690278,20.514167,"http://maps.google.com/maps?ll=44.690278,20.514167&spn=0.01,0.01&t=h&q=44.690278,20.514167"
92,93,Santa Bárbara,38.378349,-5.539119,"http://maps.google.com/maps?ll=38.378349,-5.539119&spn=0.01,0.01&t=h&q=38.378349,-5.539119"
93,94,Los Eneros,38.266124,-5.45205,"http://maps.google.com/maps?ll=38.266124,-5.45205&spn=0.01,0.01&t=h&q=38.266124,-5.45205"
94,95,Guaditoca,38.190738,-5.685597,"http://maps.google.com/maps?ll=38.190738,-5.685597&spn=0.01,0.01&t=h&q=38.190738,-5.685597"
95,96,Dehesa,38.237933,-5.825128,"http://maps.google.com/maps?ll=38.237933,-5.825128&spn=0.01,0.01&t=h&q=38.237933,-5.825128"
96,97,El Piconcillo,38.175924,-5.465188,"http://maps.google.com/maps?ll=38.175924,-5.465188&spn=0.01,0.01&t=h&q=38.175924,-5.465188"
97,98,La Lagunilla,38.164574,-5.486497,"http://maps.google.com/maps?ll=38.164574,-5.486497&spn=0.01,0.01&t=h&q=38.164574,-5.486497"
98,99,El Calvo,38.253419,-5.831657,"http://maps.google.com/maps?ll=38.253419,-5.831657&spn=0.01,0.01&t=h&q=38.253419,-5.831657"
99,100,Segunda Pepe,38.209892,-5.652803,"http://maps.google.com/maps?ll=38.209892,-5.652803&spn=0.01,0.01&t=h&q=38.209892,-5.652803"
100,101,Salto del Burro,38.21445,-5.632184,"http://maps.google.com/maps?ll=38.21445,-5.632184&spn=0.01,0.01&t=h&q=38.21445,-5.632184"
101,102,Esperanza,38.214493,-5.690208,"http://maps.google.com/maps?ll=38.214493,-5.690208&spn=0.01,0.01&t=h&q=38.214493,-5.690208"
102,103,El Infierno,38.242226,-5.595751,"http://maps.google.com/maps?ll=38.242226,-5.595751&spn=0.01,0.01&t=h&q=38.242226,-5.595751"
103,104,Las Musas,38.25896,-5.655054,"http://maps.google.com/maps?ll=38.25896,-5.655054&spn=0.01,0.01&t=h&q=38.25896,-5.655054"
104,105,Rosalía,38.259525,-5.45025,"http://maps.google.com/maps?ll=38.259525,-5.45025&spn=0.01,0.01&t=h&q=38.259525,-5.45025"
105,106,Araceli,38.211745,-5.595789,"http://maps.google.com/maps?ll=38.211745,-5.595789&spn=0.01,0.01&t=h&q=38.211745,-5.595789"
106,107,Carmelita,38.235187,-5.775449,"http://maps.google.com/maps?ll=38.235187,-5.775449&spn=0.01,0.01&t=h&q=38.235187,-5.775449"
107,108,La Loba,38.329377,-5.442459,"http://maps.google.com/maps?ll=38.329377,-5.442459&spn=0.01,0.01&t=h&q=38.329377,-5.442459"
108,109,Peñón del Moro,38.237293,-5.998078,"http://maps.google.com/maps?ll=38.237293,-5.998078&spn=0.01,0.01&t=h&q=38.237293,-5.998078"
109,110,Venus,38.201765,-5.612749,"http://maps.google.com/maps?ll=38.201765,-5.612749&spn=0.01,0.01&t=h&q=38.201765,-5.612749"
110,111,Cerro de la Orden,38.26582,-5.80796,"http://maps.google.com/maps?ll=38.26582,-5.80796&spn=0.01,0.01&t=h&q=38.26582,-5.80796"
111,112,Escarranchal,38.206332,-5.806176,"http://maps.google.com/maps?ll=38.206332,-5.806176&spn=0.01,0.01&t=h&q=38.206332,-5.806176"
112,113,La Pastora,38.148167,-5.414744,"http://maps.google.com/maps?ll=38.148167,-5.414744&spn=0.01,0.01&t=h&q=38.148167,-5.414744"
113,114,Dehesa de la Mesa,38.200487,-5.572085,"http://maps.google.com/maps?ll=38.200487,-5.572085&spn=0.01,0.01&t=h&q=38.200487,-5.572085"
114,115,El Lirio,38.232911,-5.616988,"http://maps.google.com/maps?ll=38.232911,-5.616988&spn=0.01,0.01&t=h&q=38.232911,-5.616988"
115,116,Santa María,38.252802,-5.684947,"http://maps.google.com/maps?ll=38.252802,-5.684947&spn=0.01,0.01&t=h&q=38.252802,-5.684947"
116,117,Justicia,38.233366,-5.647718,"http://maps.google.com/maps?ll=38.233366,-5.647718&spn=0.01,0.01&t=h&q=38.233366,-5.647718"
117,118,Las Morenas,38.240099,-5.575373,"http://maps.google.com/maps?ll=38.240099,-5.575373&spn=0.01,0.01&t=h&q=38.240099,-5.575373"
118,119,La Serrana,38.182214,-5.806532,"http://maps.google.com/maps?ll=38.182214,-5.806532&spn=0.01,0.01&t=h&q=38.182214,-5.806532"
119,120,Triunfo,38.251878,-5.724527,"http://maps.google.com/maps?ll=38.251878,-5.724527&spn=0.01,0.01&t=h&q=38.251878,-5.724527"
120,121,El Hambre,38.174718,-5.518064,"http://maps.google.com/maps?ll=38.174718,-5.518064&spn=0.01,0.01&t=h&q=38.174718,-5.518064"
121,122,Ferminera,38.234521,-5.691257,"http://maps.google.com/maps?ll=38.234521,-5.691257&spn=0.01,0.01&t=h&q=38.234521,-5.691257"
122,123,Las Alquitones,38.22587,-5.55486,"http://maps.google.com/maps?ll=38.22587,-5.55486&spn=0.01,0.01&t=h&q=38.22587,-5.55486"
123,124,Mesa del Castaño,38.169288,-5.547421,"http://maps.google.com/maps?ll=38.169288,-5.547421&spn=0.01,0.01&t=h&q=38.169288,-5.547421"
124,125,San Rafael,38.227516,-5.602904,"http://maps.google.com/maps?ll=38.227516,-5.602904&spn=0.01,0.01&t=h&q=38.227516,-5.602904"
125,126,Navalespino,38.401946,-5.549739,"http://maps.google.com/maps?ll=38.401946,-5.549739&spn=0.01,0.01&t=h&q=38.401946,-5.549739"
126,127,Arroyo Téllez,38.166475,-5.633997,"http://maps.google.com/maps?ll=38.166475,-5.633997&spn=0.01,0.01&t=h&q=38.166475,-5.633997"
127,128,Banca,43.1275,-1.373056,"http://maps.google.com/maps?ll=43.1275,-1.373056&spn=0.01,0.01&t=h&q=43.1275,-1.373056"
128,129,Barranco Hondillo,38.377256,-3.263405,"http://maps.google.com/maps?ll=38.377256,-3.263405&spn=0.01,0.01&t=h&q=38.377256,-3.263405"
129,130,Barranco de Salanca,41.445072,1.103516,"http://maps.google.com/maps?ll=41.445072,1.103516&spn=0.01,0.01&t=h&q=41.445072,1.103516"
130,131,Barranco de Santa Filomena,41.445898,1.116023,"http://maps.google.com/maps?ll=41.445898,1.116023&spn=0.01,0.01&t=h&q=41.445898,1.116023"
131,132,Monfortinho,40.0,-6.9167,"http://maps.google.com/maps?ll=40.0,-6.9167&spn=0.01,0.01&t=h&q=40.0,-6.9167"
132,133,Milreu,39.6333,-8.1333,"http://maps.google.com/maps?ll=39.6333,-8.1333&spn=0.01,0.01&t=h&q=39.6333,-8.1333"
133,134,Tage 2,39.474753,-8.282826,"http://maps.google.com/maps?ll=39.474753,-8.282826&spn=0.01,0.01&t=h&q=39.474753,-8.282826"
134,135,Meimoa,40.2333,-7.1833,"http://maps.google.com/maps?ll=40.2333,-7.1833&spn=0.01,0.01&t=h&q=40.2333,-7.1833"
135,136,Tage 1,39.479126,-8.089331,"http://maps.google.com/maps?ll=39.479126,-8.089331&spn=0.01,0.01&t=h&q=39.479126,-8.089331"
136,137,Río Ponsul,39.740922,-7.323956,"http://maps.google.com/maps?ll=39.740922,-7.323956&spn=0.01,0.01&t=h&q=39.740922,-7.323956"
137,138,Furados de Pombeiro,40.196417,-8.187559,"http://maps.google.com/maps?ll=40.196417,-8.187559&spn=0.01,0.01&t=h&q=40.196417,-8.187559"
138,139,Malhada,40.127819,-7.971047,"http://maps.google.com/maps?ll=40.127819,-7.971047&spn=0.01,0.01&t=h&q=40.127819,-7.971047"
139,140,Tage 3,39.468185,-8.400159,"http://maps.google.com/maps?ll=39.468185,-8.400159&spn=0.01,0.01&t=h&q=39.468185,-8.400159"
140,141,Estrella (Beiras),40.545943,-5.612288,"http://maps.google.com/maps?ll=40.545943,-5.612288&spn=0.01,0.01&t=h&q=40.545943,-5.612288"
141,142,Las Cavenes,40.567827,-6.134673,"http://maps.google.com/maps?ll=40.567827,-6.134673&spn=0.01,0.01&t=h&q=40.567827,-6.134673"
142,143,Guijuelo,40.555025,-5.67366,"http://maps.google.com/maps?ll=40.555025,-5.67366&spn=0.01,0.01&t=h&q=40.555025,-5.67366"
143,144,La Belliere,48.626667,-0.033056,"http://maps.google.com/maps?ll=48.626667,-0.033056&spn=0.01,0.01&t=h&q=48.626667,-0.033056"
144,145,Bessa,44.9333,6.8667,"http://maps.google.com/maps?ll=44.9333,6.8667&spn=0.01,0.01&t=h&q=44.9333,6.8667"
145,146,La Bessette,45.4167,3.8667,"http://maps.google.com/maps?ll=45.4167,3.8667&spn=0.01,0.01&t=h&q=45.4167,3.8667"
146,147,La Leitosa,42.69765,-6.763433,"http://maps.google.com/maps?ll=42.69765,-6.763433&spn=0.01,0.01&t=h&q=42.69765,-6.763433"
147,148,Los Poliñeiros,42.665111,-6.723729,"http://maps.google.com/maps?ll=42.665111,-6.723729&spn=0.01,0.01&t=h&q=42.665111,-6.723729"
148,149,Sésamo,42.7333,-6.65,"http://maps.google.com/maps?ll=42.7333,-6.65&spn=0.01,0.01&t=h&q=42.7333,-6.65"
149,150,Paradiña,42.694406,-6.712914,"http://maps.google.com/maps?ll=42.694406,-6.712914&spn=0.01,0.01&t=h&q=42.694406,-6.712914"
150,151,Couso,42.9667,-7.25,"http://maps.google.com/maps?ll=42.9667,-7.25&spn=0.01,0.01&t=h&q=42.9667,-7.25"
151,152,Río Ancares,42.72382,-6.706224,"http://maps.google.com/maps?ll=42.72382,-6.706224&spn=0.01,0.01&t=h&q=42.72382,-6.706224"
152,153,Toral de los Vados,42.583333,-6.75,"http://maps.google.com/maps?ll=42.583333,-6.75&spn=0.01,0.01&t=h&q=42.583333,-6.75"
153,154,Río Cabrera,42.406828,-6.707294,"http://maps.google.com/maps?ll=42.406828,-6.707294&spn=0.01,0.01&t=h&q=42.406828,-6.707294"
154,155,Río Sil 2,42.444415,-6.816281,"http://maps.google.com/maps?ll=42.444415,-6.816281&spn=0.01,0.01&t=h&q=42.444415,-6.816281"
155,156,Río Sil 1,42.524262,-6.817271,"http://maps.google.com/maps?ll=42.524262,-6.817271&spn=0.01,0.01&t=h&q=42.524262,-6.817271"
156,157,El Pedregal,43.3667,-6.3667,"http://maps.google.com/maps?ll=43.3667,-6.3667&spn=0.01,0.01&t=h&q=43.3667,-6.3667"
157,158,Prado de Paradiña,42.7,-6.75,"http://maps.google.com/maps?ll=42.7,-6.75&spn=0.01,0.01&t=h&q=42.7,-6.75"
158,159,Anguía,42.607658,-6.826137,"http://maps.google.com/maps?ll=42.607658,-6.826137&spn=0.01,0.01&t=h&q=42.607658,-6.826137"
159,160,Ermita de la Estrella,42.523181,-6.773512,"http://maps.google.com/maps?ll=42.523181,-6.773512&spn=0.01,0.01&t=h&q=42.523181,-6.773512"
160,161,Ribón,43.0333,-7.0667,"http://maps.google.com/maps?ll=43.0333,-7.0667&spn=0.01,0.01&t=h&q=43.0333,-7.0667"
161,162,Quilos,42.621459,-6.710705,"http://maps.google.com/maps?ll=42.621459,-6.710705&spn=0.01,0.01&t=h&q=42.621459,-6.710705"
162,163,Paradaseca,42.655745,-6.839648,"http://maps.google.com/maps?ll=42.655745,-6.839648&spn=0.01,0.01&t=h&q=42.655745,-6.839648"
163,164,Pradela,42.6667,-6.85,"http://maps.google.com/maps?ll=42.6667,-6.85&spn=0.01,0.01&t=h&q=42.6667,-6.85"
164,165,Las Médulas,42.458889,-6.76,"http://maps.google.com/maps?ll=42.458889,-6.76&spn=0.01,0.01&t=h&q=42.458889,-6.76"
165,166,Pobladura de Somoza,42.65,-6.7667,"http://maps.google.com/maps?ll=42.65,-6.7667&spn=0.01,0.01&t=h&q=42.65,-6.7667"
166,167,Buñola,39.696667,2.699722,"http://maps.google.com/maps?ll=39.696667,2.699722&spn=0.01,0.01&t=h&q=39.696667,2.699722"
167,168,Pioch-Farrus,0.0,0.0,"http://maps.google.com/maps?ll=0.0,0.0&spn=0.01,0.01&t=h&q=0.0,0.0"
168,169,Mougno,0.0,0.0,"http://maps.google.com/maps?ll=0.0,0.0&spn=0.01,0.01&t=h&q=0.0,0.0"
169,170,La Roussignole,43.578056,3.363333,"http://maps.google.com/maps?ll=43.578056,3.363333&spn=0.01,0.01&t=h&q=43.578056,3.363333"
170,171,Cambo-les-Bains,43.358889,-1.400278,"http://maps.google.com/maps?ll=43.358889,-1.400278&spn=0.01,0.01&t=h&q=43.358889,-1.400278"
171,172,Camp de César,44.119775,4.654039,"http://maps.google.com/maps?ll=44.119775,4.654039&spn=0.01,0.01&t=h&q=44.119775,4.654039"
172,173,Landaussia,0.0,0.0,"http://maps.google.com/maps?ll=0.0,0.0&spn=0.01,0.01&t=h&q=0.0,0.0"
173,174,Bertartéa,0.0,0.0,"http://maps.google.com/maps?ll=0.0,0.0&spn=0.01,0.01&t=h&q=0.0,0.0"
174,175,Vărad,0.0,0.0,"http://maps.google.com/maps?ll=0.0,0.0&spn=0.01,0.01&t=h&q=0.0,0.0"
175,176,Borlova,45.366667,22.35,"http://maps.google.com/maps?ll=45.366667,22.35&spn=0.01,0.01&t=h&q=45.366667,22.35"
176,177,Moldova Nouă,44.726451,21.661303,"http://maps.google.com/maps?ll=44.726451,21.661303&spn=0.01,0.01&t=h&q=44.726451,21.661303"
177,178,Marga,45.504625,22.518912,"http://maps.google.com/maps?ll=45.504625,22.518912&spn=0.01,0.01&t=h&q=45.504625,22.518912"
178,179,Bocşa,45.37191,21.719919,"http://maps.google.com/maps?ll=45.37191,21.719919&spn=0.01,0.01&t=h&q=45.37191,21.719919"
179,180,Maidan,45.036473,21.70914,"http://maps.google.com/maps?ll=45.036473,21.70914&spn=0.01,0.01&t=h&q=45.036473,21.70914"
180,181,Surducu Mare,45.267017,21.585524,"http://maps.google.com/maps?ll=45.267017,21.585524&spn=0.01,0.01&t=h&q=45.267017,21.585524"
181,182,Dognecea,45.266667,21.75,"http://maps.google.com/maps?ll=45.266667,21.75&spn=0.01,0.01&t=h&q=45.266667,21.75"
182,183,Bolvaşniţa,45.345189,22.308985,"http://maps.google.com/maps?ll=45.345189,22.308985&spn=0.01,0.01&t=h&q=45.345189,22.308985"
183,184,Sierra Alamagrera,37.283333,-1.733333,"http://maps.google.com/maps?ll=37.283333,-1.733333&spn=0.01,0.01&t=h&q=37.283333,-1.733333"
184,185,Sierra de Cartagena,37.603703,-0.888383,"http://maps.google.com/maps?ll=37.603703,-0.888383&spn=0.01,0.01&t=h&q=37.603703,-0.888383"
185,186,Pilar de Jaravia,37.393203,-1.692347,"http://maps.google.com/maps?ll=37.393203,-1.692347&spn=0.01,0.01&t=h&q=37.393203,-1.692347"
186,187,Cabezo Rajado,37.602825,-1.014964,"http://maps.google.com/maps?ll=37.602825,-1.014964&spn=0.01,0.01&t=h&q=37.602825,-1.014964"
187,188,Pedreras Viejas,37.5578,-1.462265,"http://maps.google.com/maps?ll=37.5578,-1.462265&spn=0.01,0.01&t=h&q=37.5578,-1.462265"
188,189,El Charcon,37.398753,-1.597961,"http://maps.google.com/maps?ll=37.398753,-1.597961&spn=0.01,0.01&t=h&q=37.398753,-1.597961"
189,190,Mazarrón,37.59907,-1.313669,"http://maps.google.com/maps?ll=37.59907,-1.313669&spn=0.01,0.01&t=h&q=37.59907,-1.313669"
190,191,Coto Fortuna,37.617571,-1.561421,"http://maps.google.com/maps?ll=37.617571,-1.561421&spn=0.01,0.01&t=h&q=37.617571,-1.561421"
191,192,Ceutrons,45.485833,6.534444,"http://maps.google.com/maps?ll=45.485833,6.534444&spn=0.01,0.01&t=h&q=45.485833,6.534444"
192,193,Băişoara,46.575556,23.4675,"http://maps.google.com/maps?ll=46.575556,23.4675&spn=0.01,0.01&t=h&q=46.575556,23.4675"
193,194,Peştera,0.0,0.0,"http://maps.google.com/maps?ll=0.0,0.0&spn=0.01,0.01&t=h&q=0.0,0.0"
194,195,Colmenarejo,40.560833,-4.016944,"http://maps.google.com/maps?ll=40.560833,-4.016944&spn=0.01,0.01&t=h&q=40.560833,-4.016944"
195,196,Trassierra 1 A,37.92822,-4.88649,"http://maps.google.com/maps?ll=37.92822,-4.88649&spn=0.01,0.01&t=h&q=37.92822,-4.88649"
196,197,Arroyo de Alamo,37.6333,-6.4333,"http://maps.google.com/maps?ll=37.6333,-6.4333&spn=0.01,0.01&t=h&q=37.6333,-6.4333"
197,198,La Gran Mina,38.078808,-4.951152,"http://maps.google.com/maps?ll=38.078808,-4.951152&spn=0.01,0.01&t=h&q=38.078808,-4.951152"
198,199,Alamadenes del Guadiato,37.969415,-4.902396,"http://maps.google.com/maps?ll=37.969415,-4.902396&spn=0.01,0.01&t=h&q=37.969415,-4.902396"
199,200,El Mico,37.982959,-4.812302,"http://maps.google.com/maps?ll=37.982959,-4.812302&spn=0.01,0.01&t=h&q=37.982959,-4.812302"
200,201,Cerro Muriano,37.99516,-4.715843,"http://maps.google.com/maps?ll=37.99516,-4.715843&spn=0.01,0.01&t=h&q=37.99516,-4.715843"
201,202,Lagar de la Cruz,37.918815,-4.784282,"http://maps.google.com/maps?ll=37.918815,-4.784282&spn=0.01,0.01&t=h&q=37.918815,-4.784282"
202,203,Castilla del Cobe,37.890463,-4.817388,"http://maps.google.com/maps?ll=37.890463,-4.817388&spn=0.01,0.01&t=h&q=37.890463,-4.817388"
203,204,Mirabueno,40.9333,-2.7167,"http://maps.google.com/maps?ll=40.9333,-2.7167&spn=0.01,0.01&t=h&q=40.9333,-2.7167"
204,205,Castripicón,37.937832,-4.932822,"http://maps.google.com/maps?ll=37.937832,-4.932822&spn=0.01,0.01&t=h&q=37.937832,-4.932822"
205,206,Dolores,39.497996,-4.836688,"http://maps.google.com/maps?ll=39.497996,-4.836688&spn=0.01,0.01&t=h&q=39.497996,-4.836688"
206,207,El Hondillo,38.168883,-3.264989,"http://maps.google.com/maps?ll=38.168883,-3.264989&spn=0.01,0.01&t=h&q=38.168883,-3.264989"
207,208,El Judío,37.3667,-6.8833,"http://maps.google.com/maps?ll=37.3667,-6.8833&spn=0.01,0.01&t=h&q=37.3667,-6.8833"
208,209,El Morte,38.294352,-3.009348,"http://maps.google.com/maps?ll=38.294352,-3.009348&spn=0.01,0.01&t=h&q=38.294352,-3.009348"
209,210,Fombuena,41.15,-1.183333,"http://maps.google.com/maps?ll=41.15,-1.183333&spn=0.01,0.01&t=h&q=41.15,-1.183333"
210,211,Río Miño 4,42.069455,-8.498709,"http://maps.google.com/maps?ll=42.069455,-8.498709&spn=0.01,0.01&t=h&q=42.069455,-8.498709"
211,212,Río Miño 3,42.050053,-8.532026,"http://maps.google.com/maps?ll=42.050053,-8.532026&spn=0.01,0.01&t=h&q=42.050053,-8.532026"
212,213,Covas,43.55,-8.2667,"http://maps.google.com/maps?ll=43.55,-8.2667&spn=0.01,0.01&t=h&q=43.55,-8.2667"
213,214,Río Navia 1,42.964552,-7.003762,"http://maps.google.com/maps?ll=42.964552,-7.003762&spn=0.01,0.01&t=h&q=42.964552,-7.003762"
214,215,Rivas,42.526755,-8.079178,"http://maps.google.com/maps?ll=42.526755,-8.079178&spn=0.01,0.01&t=h&q=42.526755,-8.079178"
215,216,Río Sil 3,42.436016,-6.912041,"http://maps.google.com/maps?ll=42.436016,-6.912041&spn=0.01,0.01&t=h&q=42.436016,-6.912041"
216,217,Lago,42.402285,-8.049065,"http://maps.google.com/maps?ll=42.402285,-8.049065&spn=0.01,0.01&t=h&q=42.402285,-8.049065"
217,218,Cobas de Fornas,42.856662,-8.489275,"http://maps.google.com/maps?ll=42.856662,-8.489275&spn=0.01,0.01&t=h&q=42.856662,-8.489275"
218,219,Ría de Foz,43.472786,-7.232011,"http://maps.google.com/maps?ll=43.472786,-7.232011&spn=0.01,0.01&t=h&q=43.472786,-7.232011"
219,220,Sanfitorio,42.542081,-7.967109,"http://maps.google.com/maps?ll=42.542081,-7.967109&spn=0.01,0.01&t=h&q=42.542081,-7.967109"
220,221,Río Lor 1,42.528583,-7.396376,"http://maps.google.com/maps?ll=42.528583,-7.396376&spn=0.01,0.01&t=h&q=42.528583,-7.396376"
221,222,Río Miño 1,42.320783,-8.051554,"http://maps.google.com/maps?ll=42.320783,-8.051554&spn=0.01,0.01&t=h&q=42.320783,-8.051554"
222,223,Río Miño 2,42.083121,-8.530963,"http://maps.google.com/maps?ll=42.083121,-8.530963&spn=0.01,0.01&t=h&q=42.083121,-8.530963"
223,224,La Quemada,42.506786,-7.244445,"http://maps.google.com/maps?ll=42.506786,-7.244445&spn=0.01,0.01&t=h&q=42.506786,-7.244445"
224,225,Espiñeira,43.457011,-7.349173,"http://maps.google.com/maps?ll=43.457011,-7.349173&spn=0.01,0.01&t=h&q=43.457011,-7.349173"
225,226,Corcoesto,43.2333,-8.8333,"http://maps.google.com/maps?ll=43.2333,-8.8333&spn=0.01,0.01&t=h&q=43.2333,-8.8333"
226,227,San Xé,42.07084,-7.122861,"http://maps.google.com/maps?ll=42.07084,-7.122861&spn=0.01,0.01&t=h&q=42.07084,-7.122861"
227,228,Puebla del Brollón,42.557038,-7.392418,"http://maps.google.com/maps?ll=42.557038,-7.392418&spn=0.01,0.01&t=h&q=42.557038,-7.392418"
228,229,Moeche,43.55,-8.0167,"http://maps.google.com/maps?ll=43.55,-8.0167&spn=0.01,0.01&t=h&q=43.55,-8.0167"
229,230,Carris,43.461036,-7.460805,"http://maps.google.com/maps?ll=43.461036,-7.460805&spn=0.01,0.01&t=h&q=43.461036,-7.460805"
230,231,Barbantes,42.355861,-8.006884,"http://maps.google.com/maps?ll=42.355861,-8.006884&spn=0.01,0.01&t=h&q=42.355861,-8.006884"
231,232,Montefurado: Boca do Monte,43.1833,-7.2,"http://maps.google.com/maps?ll=43.1833,-7.2&spn=0.01,0.01&t=h&q=43.1833,-7.2"
232,233,Río Sil 5,42.415727,-7.026236,"http://maps.google.com/maps?ll=42.415727,-7.026236&spn=0.01,0.01&t=h&q=42.415727,-7.026236"
233,234,Pozo Limideiro,43.010901,-8.935788,"http://maps.google.com/maps?ll=43.010901,-8.935788&spn=0.01,0.01&t=h&q=43.010901,-8.935788"
234,235,Madarnas,42.371,-8.1025,"http://maps.google.com/maps?ll=42.371,-8.1025&spn=0.01,0.01&t=h&q=42.371,-8.1025"
235,236,Fornaza,43.112735,-6.932643,"http://maps.google.com/maps?ll=43.112735,-6.932643&spn=0.01,0.01&t=h&q=43.112735,-6.932643"
236,237,Moncelos,43.178647,-7.534656,"http://maps.google.com/maps?ll=43.178647,-7.534656&spn=0.01,0.01&t=h&q=43.178647,-7.534656"
237,238,Río Sil 4,42.423063,-6.961543,"http://maps.google.com/maps?ll=42.423063,-6.961543&spn=0.01,0.01&t=h&q=42.423063,-6.961543"
238,239,Valados,42.347589,-8.00313,"http://maps.google.com/maps?ll=42.347589,-8.00313&spn=0.01,0.01&t=h&q=42.347589,-8.00313"
239,240,Río Lor 2,42.684489,-7.119124,"http://maps.google.com/maps?ll=42.684489,-7.119124&spn=0.01,0.01&t=h&q=42.684489,-7.119124"
240,241,Rio Foz,43.474067,-7.246708,"http://maps.google.com/maps?ll=43.474067,-7.246708&spn=0.01,0.01&t=h&q=43.474067,-7.246708"
241,242,O Penedo,42.034596,-7.131871,"http://maps.google.com/maps?ll=42.034596,-7.131871&spn=0.01,0.01&t=h&q=42.034596,-7.131871"
242,243,Baralla,42.892856,-7.253127,"http://maps.google.com/maps?ll=42.892856,-7.253127&spn=0.01,0.01&t=h&q=42.892856,-7.253127"
243,244,Gornji Vakuf,43.933333,17.583333,"http://maps.google.com/maps?ll=43.933333,17.583333&spn=0.01,0.01&t=h&q=43.933333,17.583333"
244,245,Kreŝevo,43.866667,18.05,"http://maps.google.com/maps?ll=43.866667,18.05&spn=0.01,0.01&t=h&q=43.866667,18.05"
245,246,Fojnica,43.966667,17.9,"http://maps.google.com/maps?ll=43.966667,17.9&spn=0.01,0.01&t=h&q=43.966667,17.9"
246,247,Ostružnica,0.0,0.0,"http://maps.google.com/maps?ll=0.0,0.0&spn=0.01,0.01&t=h&q=0.0,0.0"
247,248,S. Domingos,37.674323,-7.500128,"http://maps.google.com/maps?ll=37.674323,-7.500128&spn=0.01,0.01&t=h&q=37.674323,-7.500128"
248,249,Tharsis,37.599822,-7.121341,"http://maps.google.com/maps?ll=37.599822,-7.121341&spn=0.01,0.01&t=h&q=37.599822,-7.121341"
249,250,Ponderosa,37.746875,-6.654864,"http://maps.google.com/maps?ll=37.746875,-6.654864&spn=0.01,0.01&t=h&q=37.746875,-6.654864"
250,251,Segunderalejo,37.569712,-6.631061,"http://maps.google.com/maps?ll=37.569712,-6.631061&spn=0.01,0.01&t=h&q=37.569712,-6.631061"
251,252,Minas de Cala,37.966667,-6.316667,"http://maps.google.com/maps?ll=37.966667,-6.316667&spn=0.01,0.01&t=h&q=37.966667,-6.316667"
252,253,Peña de Hierro,37.7167,-6.55,"http://maps.google.com/maps?ll=37.7167,-6.55&spn=0.01,0.01&t=h&q=37.7167,-6.55"
253,254,Los Bueyes,37.615075,-6.80189,"http://maps.google.com/maps?ll=37.615075,-6.80189&spn=0.01,0.01&t=h&q=37.615075,-6.80189"
254,255,Herrerías (Huelva),37.6167,-7.2833,"http://maps.google.com/maps?ll=37.6167,-7.2833&spn=0.01,0.01&t=h&q=37.6167,-7.2833"
255,256,San Eduardo,37.767018,-6.654011,"http://maps.google.com/maps?ll=37.767018,-6.654011&spn=0.01,0.01&t=h&q=37.767018,-6.654011"
256,257,Tinto Santa Rosa,37.614778,-6.810404,"http://maps.google.com/maps?ll=37.614778,-6.810404&spn=0.01,0.01&t=h&q=37.614778,-6.810404"
257,258,La Lancha,38.2167,-3.9667,"http://maps.google.com/maps?ll=38.2167,-3.9667&spn=0.01,0.01&t=h&q=38.2167,-3.9667"
258,259,La Zarza,37.712524,-6.853573,"http://maps.google.com/maps?ll=37.712524,-6.853573&spn=0.01,0.01&t=h&q=37.712524,-6.853573"
259,260,Vuelta Falsa,37.685642,-7.410847,"http://maps.google.com/maps?ll=37.685642,-7.410847&spn=0.01,0.01&t=h&q=37.685642,-7.410847"
260,261,Cabeza del Agua,37.398249,-6.997468,"http://maps.google.com/maps?ll=37.398249,-6.997468&spn=0.01,0.01&t=h&q=37.398249,-6.997468"
261,262,Castillo Buitrón,37.531261,-6.817565,"http://maps.google.com/maps?ll=37.531261,-6.817565&spn=0.01,0.01&t=h&q=37.531261,-6.817565"
262,263,Concepción,37.777404,-6.674632,"http://maps.google.com/maps?ll=37.777404,-6.674632&spn=0.01,0.01&t=h&q=37.777404,-6.674632"
263,264,San Telmo,37.8,-6.9667,"http://maps.google.com/maps?ll=37.8,-6.9667&spn=0.01,0.01&t=h&q=37.8,-6.9667"
264,265,Sierrecilla,37.599156,-7.269114,"http://maps.google.com/maps?ll=37.599156,-7.269114&spn=0.01,0.01&t=h&q=37.599156,-7.269114"
265,266,La Reforma,37.772061,-6.301944,"http://maps.google.com/maps?ll=37.772061,-6.301944&spn=0.01,0.01&t=h&q=37.772061,-6.301944"
266,267,La Romanera,37.796896,-6.359627,"http://maps.google.com/maps?ll=37.796896,-6.359627&spn=0.01,0.01&t=h&q=37.796896,-6.359627"
267,268,Cabezo de los Silos,37.662558,-7.401244,"http://maps.google.com/maps?ll=37.662558,-7.401244&spn=0.01,0.01&t=h&q=37.662558,-7.401244"
268,269,Herrerías de los Confesionarios,37.799242,-6.893723,"http://maps.google.com/maps?ll=37.799242,-6.893723&spn=0.01,0.01&t=h&q=37.799242,-6.893723"
269,270,El Lagunazo,37.632184,-7.169982,"http://maps.google.com/maps?ll=37.632184,-7.169982&spn=0.01,0.01&t=h&q=37.632184,-7.169982"
270,271,Vulcano (Huelva),37.559516,-7.112519,"http://maps.google.com/maps?ll=37.559516,-7.112519&spn=0.01,0.01&t=h&q=37.559516,-7.112519"
271,272,Campanario,37.465554,-6.84446,"http://maps.google.com/maps?ll=37.465554,-6.84446&spn=0.01,0.01&t=h&q=37.465554,-6.84446"
272,273,San Miguel (Huelva),37.7667,-6.75,"http://maps.google.com/maps?ll=37.7667,-6.75&spn=0.01,0.01&t=h&q=37.7667,-6.75"
273,274,Sotiel Coronada,37.601456,-6.850437,"http://maps.google.com/maps?ll=37.601456,-6.850437&spn=0.01,0.01&t=h&q=37.601456,-6.850437"
274,275,El Carpio,37.933333,-4.5,"http://maps.google.com/maps?ll=37.933333,-4.5&spn=0.01,0.01&t=h&q=37.933333,-4.5"
275,276,Aguas Teñidas,37.777312,-6.855786,"http://maps.google.com/maps?ll=37.777312,-6.855786&spn=0.01,0.01&t=h&q=37.777312,-6.855786"
276,277,Prado Vicioso,37.567446,-7.06769,"http://maps.google.com/maps?ll=37.567446,-7.06769&spn=0.01,0.01&t=h&q=37.567446,-7.06769"
277,278,Cabezas del Pasto,37.6,-7.3333,"http://maps.google.com/maps?ll=37.6,-7.3333&spn=0.01,0.01&t=h&q=37.6,-7.3333"
278,279,Castillo de las Guardas,37.683333,-6.3,"http://maps.google.com/maps?ll=37.683333,-6.3&spn=0.01,0.01&t=h&q=37.683333,-6.3"
279,280,La Lapilla,37.57385,-7.116106,"http://maps.google.com/maps?ll=37.57385,-7.116106&spn=0.01,0.01&t=h&q=37.57385,-7.116106"
280,281,La Joya,37.7667,-7.0167,"http://maps.google.com/maps?ll=37.7667,-7.0167&spn=0.01,0.01&t=h&q=37.7667,-7.0167"
281,282,Monte Romero,37.769989,-6.799517,"http://maps.google.com/maps?ll=37.769989,-6.799517&spn=0.01,0.01&t=h&q=37.769989,-6.799517"
282,283,Cabezo Hueca,37.541257,-7.066825,"http://maps.google.com/maps?ll=37.541257,-7.066825&spn=0.01,0.01&t=h&q=37.541257,-7.066825"
283,284,Río Corumbel,37.468715,-6.495214,"http://maps.google.com/maps?ll=37.468715,-6.495214&spn=0.01,0.01&t=h&q=37.468715,-6.495214"
284,285,Sultana,37.956227,-6.295064,"http://maps.google.com/maps?ll=37.956227,-6.295064&spn=0.01,0.01&t=h&q=37.956227,-6.295064"
285,286,Río Crispinejo,37.467,-6.2,"http://maps.google.com/maps?ll=37.467,-6.2&spn=0.01,0.01&t=h&q=37.467,-6.2"
286,287,Mina Teular,37.93145,-6.285021,"http://maps.google.com/maps?ll=37.93145,-6.285021&spn=0.01,0.01&t=h&q=37.93145,-6.285021"
287,288,Cueva de la Mora,37.780037,-6.803109,"http://maps.google.com/maps?ll=37.780037,-6.803109&spn=0.01,0.01&t=h&q=37.780037,-6.803109"
288,289,Aurora,37.425625,-7.144575,"http://maps.google.com/maps?ll=37.425625,-7.144575&spn=0.01,0.01&t=h&q=37.425625,-7.144575"
289,290,Vicaria,38.025555,-6.309424,"http://maps.google.com/maps?ll=38.025555,-6.309424&spn=0.01,0.01&t=h&q=38.025555,-6.309424"
290,291,San Platón,37.7667,-6.6667,"http://maps.google.com/maps?ll=37.7667,-6.6667&spn=0.01,0.01&t=h&q=37.7667,-6.6667"
291,292,Riotinto,37.693056,-6.595556,"http://maps.google.com/maps?ll=37.693056,-6.595556&spn=0.01,0.01&t=h&q=37.693056,-6.595556"
292,293,Iscroni,45.409798,23.314381,"http://maps.google.com/maps?ll=45.409798,23.314381&spn=0.01,0.01&t=h&q=45.409798,23.314381"
293,294,Mesteacăn,46.148764,22.745731,"http://maps.google.com/maps?ll=46.148764,22.745731&spn=0.01,0.01&t=h&q=46.148764,22.745731"
294,295,Petroşani,45.412222,23.373333,"http://maps.google.com/maps?ll=45.412222,23.373333&spn=0.01,0.01&t=h&q=45.412222,23.373333"
295,296,Baia de Criş,46.176799,22.7116,"http://maps.google.com/maps?ll=46.176799,22.7116&spn=0.01,0.01&t=h&q=46.176799,22.7116"
296,297,Crăciuneşti,46.012535,22.86816,"http://maps.google.com/maps?ll=46.012535,22.86816&spn=0.01,0.01&t=h&q=46.012535,22.86816"
297,298,Crişcior,46.123472,22.866127,"http://maps.google.com/maps?ll=46.123472,22.866127&spn=0.01,0.01&t=h&q=46.123472,22.866127"
298,299,Teliuc,45.724861,22.884746,"http://maps.google.com/maps?ll=45.724861,22.884746&spn=0.01,0.01&t=h&q=45.724861,22.884746"
299,300,Fizeş,45.996398,22.882238,"http://maps.google.com/maps?ll=45.996398,22.882238&spn=0.01,0.01&t=h&q=45.996398,22.882238"
300,301,Hărţăgani,46.058208,22.943132,"http://maps.google.com/maps?ll=46.058208,22.943132&spn=0.01,0.01&t=h&q=46.058208,22.943132"
301,302,Băita,45.911944,22.567708,"http://maps.google.com/maps?ll=45.911944,22.567708&spn=0.01,0.01&t=h&q=45.911944,22.567708"
302,303,Ţebea,46.165616,22.728298,"http://maps.google.com/maps?ll=46.165616,22.728298&spn=0.01,0.01&t=h&q=46.165616,22.728298"
303,304,Trestia,46.020016,22.933759,"http://maps.google.com/maps?ll=46.020016,22.933759&spn=0.01,0.01&t=h&q=46.020016,22.933759"
304,305,Caraciu,46.189402,22.701549,"http://maps.google.com/maps?ll=46.189402,22.701549&spn=0.01,0.01&t=h&q=46.189402,22.701549"
305,306,Câinelul de Sus,46.032466,22.892639,"http://maps.google.com/maps?ll=46.032466,22.892639&spn=0.01,0.01&t=h&q=46.032466,22.892639"
306,307,Ruda,45.697868,22.747861,"http://maps.google.com/maps?ll=45.697868,22.747861&spn=0.01,0.01&t=h&q=45.697868,22.747861"
307,308,Săcărâmb,45.973336,23.041518,"http://maps.google.com/maps?ll=45.973336,23.041518&spn=0.01,0.01&t=h&q=45.973336,23.041518"
308,309,Măgura-Topliţa,45.979816,22.93701,"http://maps.google.com/maps?ll=45.979816,22.93701&spn=0.01,0.01&t=h&q=45.979816,22.93701"
309,310,Hondol,45.989259,22.984224,"http://maps.google.com/maps?ll=45.989259,22.984224&spn=0.01,0.01&t=h&q=45.989259,22.984224"
310,311,Monteponi,39.316667,8.533333,"http://maps.google.com/maps?ll=39.316667,8.533333&spn=0.01,0.01&t=h&q=39.316667,8.533333"
311,312,Fluminimaggiore,39.4397,8.4964,"http://maps.google.com/maps?ll=39.4397,8.4964&spn=0.01,0.01&t=h&q=39.4397,8.4964"
312,313,San Giorgo,39.0644,8.995,"http://maps.google.com/maps?ll=39.0644,8.995&spn=0.01,0.01&t=h&q=39.0644,8.995"
313,314,Malacalzetta,39.374915,8.550768,"http://maps.google.com/maps?ll=39.374915,8.550768&spn=0.01,0.01&t=h&q=39.374915,8.550768"
314,315,San Giovanni,39.11,8.5211,"http://maps.google.com/maps?ll=39.11,8.5211&spn=0.01,0.01&t=h&q=39.11,8.5211"
315,316,Japra,45.0306,16.4572,"http://maps.google.com/maps?ll=45.0306,16.4572&spn=0.01,0.01&t=h&q=45.0306,16.4572"
316,317,Lascours,44.013706,4.193625,"http://maps.google.com/maps?ll=44.013706,4.193625&spn=0.01,0.01&t=h&q=44.013706,4.193625"
317,318,La Argentera,39.091618,1.516678,"http://maps.google.com/maps?ll=39.091618,1.516678&spn=0.01,0.01&t=h&q=39.091618,1.516678"
318,319,Lanestosa,43.216667,-3.433333,"http://maps.google.com/maps?ll=43.216667,-3.433333&spn=0.01,0.01&t=h&q=43.216667,-3.433333"
319,320,Le Bleymard,44.48722,3.73583,"http://maps.google.com/maps?ll=44.48722,3.73583&spn=0.01,0.01&t=h&q=44.48722,3.73583"
320,321,Les Miaules,47.899945,-1.034892,"http://maps.google.com/maps?ll=47.899945,-1.034892&spn=0.01,0.01&t=h&q=47.899945,-1.034892"
321,322,Compuerto,42.891765,-4.697987,"http://maps.google.com/maps?ll=42.891765,-4.697987&spn=0.01,0.01&t=h&q=42.891765,-4.697987"
322,323,Cimera de la Collada,42.704014,-5.913549,"http://maps.google.com/maps?ll=42.704014,-5.913549&spn=0.01,0.01&t=h&q=42.704014,-5.913549"
323,324,Susañe del Sil,42.870301,-6.467642,"http://maps.google.com/maps?ll=42.870301,-6.467642&spn=0.01,0.01&t=h&q=42.870301,-6.467642"
324,325,Vegas del Condado,42.684036,-5.366673,"http://maps.google.com/maps?ll=42.684036,-5.366673&spn=0.01,0.01&t=h&q=42.684036,-5.366673"
325,326,Villarion,42.917454,-6.384248,"http://maps.google.com/maps?ll=42.917454,-6.384248&spn=0.01,0.01&t=h&q=42.917454,-6.384248"
326,327,Médulas de la Omañas,42.683434,-5.869647,"http://maps.google.com/maps?ll=42.683434,-5.869647&spn=0.01,0.01&t=h&q=42.683434,-5.869647"
327,328,Valle Rabón,42.86205,-6.355713,"http://maps.google.com/maps?ll=42.86205,-6.355713&spn=0.01,0.01&t=h&q=42.86205,-6.355713"
328,329,Alto de las Fornias,42.747788,-6.149221,"http://maps.google.com/maps?ll=42.747788,-6.149221&spn=0.01,0.01&t=h&q=42.747788,-6.149221"
329,330,Camporredondo,42.95885,-4.667762,"http://maps.google.com/maps?ll=42.95885,-4.667762&spn=0.01,0.01&t=h&q=42.95885,-4.667762"
330,331,Peña María,42.969148,-4.691778,"http://maps.google.com/maps?ll=42.969148,-4.691778&spn=0.01,0.01&t=h&q=42.969148,-4.691778"
331,332,Reguera de las Fuentes,42.19407,-5.427862,"http://maps.google.com/maps?ll=42.19407,-5.427862&spn=0.01,0.01&t=h&q=42.19407,-5.427862"
332,333,Pozo de la Griega,42.683908,-5.760539,"http://maps.google.com/maps?ll=42.683908,-5.760539&spn=0.01,0.01&t=h&q=42.683908,-5.760539"
333,334,Cirujales,42.7833,-6.0667,"http://maps.google.com/maps?ll=42.7833,-6.0667&spn=0.01,0.01&t=h&q=42.7833,-6.0667"
334,335,El Ploncion,42.729849,-5.943309,"http://maps.google.com/maps?ll=42.729849,-5.943309&spn=0.01,0.01&t=h&q=42.729849,-5.943309"
335,336,Cousos,42.766008,-6.045837,"http://maps.google.com/maps?ll=42.766008,-6.045837&spn=0.01,0.01&t=h&q=42.766008,-6.045837"
336,337,La Luz (Linares),38.138349,-3.530212,"http://maps.google.com/maps?ll=38.138349,-3.530212&spn=0.01,0.01&t=h&q=38.138349,-3.530212"
337,338,Los Alemanes,38.163971,-3.605042,"http://maps.google.com/maps?ll=38.163971,-3.605042&spn=0.01,0.01&t=h&q=38.163971,-3.605042"
338,339,La Torrecilla,38.271405,-3.643009,"http://maps.google.com/maps?ll=38.271405,-3.643009&spn=0.01,0.01&t=h&q=38.271405,-3.643009"
339,340,El Centenillo,38.3333,-3.7333,"http://maps.google.com/maps?ll=38.3333,-3.7333&spn=0.01,0.01&t=h&q=38.3333,-3.7333"
340,341,La Cruz,38.1333,-3.6333,"http://maps.google.com/maps?ll=38.1333,-3.6333&spn=0.01,0.01&t=h&q=38.1333,-3.6333"
341,342,Los Palazuelos,38.222591,-3.571231,"http://maps.google.com/maps?ll=38.222591,-3.571231&spn=0.01,0.01&t=h&q=38.222591,-3.571231"
342,343,El Castillo,38.318208,-3.565506,"http://maps.google.com/maps?ll=38.318208,-3.565506&spn=0.01,0.01&t=h&q=38.318208,-3.565506"
343,344,Filón del Cobre,38.117467,-3.670097,"http://maps.google.com/maps?ll=38.117467,-3.670097&spn=0.01,0.01&t=h&q=38.117467,-3.670097"
344,345,Venta Quemada,37.5833,-2.45,"http://maps.google.com/maps?ll=37.5833,-2.45&spn=0.01,0.01&t=h&q=37.5833,-2.45"
345,346,San Gabriel,38.370927,-3.507329,"http://maps.google.com/maps?ll=38.370927,-3.507329&spn=0.01,0.01&t=h&q=38.370927,-3.507329"
346,347,Los Arrayanes,38.147436,-3.550685,"http://maps.google.com/maps?ll=38.147436,-3.550685&spn=0.01,0.01&t=h&q=38.147436,-3.550685"
347,348,San Roque,38.136764,-3.656335,"http://maps.google.com/maps?ll=38.136764,-3.656335&spn=0.01,0.01&t=h&q=38.136764,-3.656335"
348,349,Los Guindos,38.2833,-3.6833,"http://maps.google.com/maps?ll=38.2833,-3.6833&spn=0.01,0.01&t=h&q=38.2833,-3.6833"
349,350,El Chaves,38.146708,-3.662582,"http://maps.google.com/maps?ll=38.146708,-3.662582&spn=0.01,0.01&t=h&q=38.146708,-3.662582"
350,351,Los Engarbos,38.387631,-3.159799,"http://maps.google.com/maps?ll=38.387631,-3.159799&spn=0.01,0.01&t=h&q=38.387631,-3.159799"
351,352,Machen,51.59885,-3.13475,"http://maps.google.com/maps?ll=51.59885,-3.13475&spn=0.01,0.01&t=h&q=51.59885,-3.13475"
352,353,Noreia,46.7,14.433333,"http://maps.google.com/maps?ll=46.7,14.433333&spn=0.01,0.01&t=h&q=46.7,14.433333"
353,354,Massa Marittima,43.05,10.8833,"http://maps.google.com/maps?ll=43.05,10.8833&spn=0.01,0.01&t=h&q=43.05,10.8833"
354,355,Vârciorova,44.734325,22.375058,"http://maps.google.com/maps?ll=44.734325,22.375058&spn=0.01,0.01&t=h&q=44.734325,22.375058"
355,356,Charterhouse,51.2986,-2.7221,"http://maps.google.com/maps?ll=51.2986,-2.7221&spn=0.01,0.01&t=h&q=51.2986,-2.7221"
356,357,Chewton,51.2755,-2.577,"http://maps.google.com/maps?ll=51.2755,-2.577&spn=0.01,0.01&t=h&q=51.2755,-2.577"
357,358,La Minaye,46.194472,2.468392,"http://maps.google.com/maps?ll=46.194472,2.468392&spn=0.01,0.01&t=h&q=46.194472,2.468392"
358,359,Vitovnica,44.75,21.216667,"http://maps.google.com/maps?ll=44.75,21.216667&spn=0.01,0.01&t=h&q=44.75,21.216667"
359,360,Monte Venero,38.352816,-3.341385,"http://maps.google.com/maps?ll=38.352816,-3.341385&spn=0.01,0.01&t=h&q=38.352816,-3.341385"
360,361,Huerta de Jaun Abad,38.170695,-4.387394,"http://maps.google.com/maps?ll=38.170695,-4.387394&spn=0.01,0.01&t=h&q=38.170695,-4.387394"
361,362,Los Almandenejos A,38.166864,-4.255014,"http://maps.google.com/maps?ll=38.166864,-4.255014&spn=0.01,0.01&t=h&q=38.166864,-4.255014"
362,363,Valquemando,38.239311,-4.180972,"http://maps.google.com/maps?ll=38.239311,-4.180972&spn=0.01,0.01&t=h&q=38.239311,-4.180972"
363,364,La Herreria,38.225797,-4.47226,"http://maps.google.com/maps?ll=38.225797,-4.47226&spn=0.01,0.01&t=h&q=38.225797,-4.47226"
364,365,Salas de Galiarda,38.210366,-3.848032,"http://maps.google.com/maps?ll=38.210366,-3.848032&spn=0.01,0.01&t=h&q=38.210366,-3.848032"
365,366,Los Escoriales,38.179566,-3.930001,"http://maps.google.com/maps?ll=38.179566,-3.930001&spn=0.01,0.01&t=h&q=38.179566,-3.930001"
366,367,Nava del Jadraque,41.086587,-3.139168,"http://maps.google.com/maps?ll=41.086587,-3.139168&spn=0.01,0.01&t=h&q=41.086587,-3.139168"
367,368,Eifel,50.616667,6.433333,"http://maps.google.com/maps?ll=50.616667,6.433333&spn=0.01,0.01&t=h&q=50.616667,6.433333"
368,369,Aachen,50.775278,6.082778,"http://maps.google.com/maps?ll=50.775278,6.082778&spn=0.01,0.01&t=h&q=50.775278,6.082778"
369,370,Mechernich,50.6,6.65,"http://maps.google.com/maps?ll=50.6,6.65&spn=0.01,0.01&t=h&q=50.6,6.65"
370,371,Keldenich,50.813507,6.969153,"http://maps.google.com/maps?ll=50.813507,6.969153&spn=0.01,0.01&t=h&q=50.813507,6.969153"
371,372,Bleiberg,51.344337,7.075125,"http://maps.google.com/maps?ll=51.344337,7.075125&spn=0.01,0.01&t=h&q=51.344337,7.075125"
372,373,Bad Ems,50.338056,7.710556,"http://maps.google.com/maps?ll=50.338056,7.710556&spn=0.01,0.01&t=h&q=50.338056,7.710556"
373,374,Argentiera,40.74,8.151111,"http://maps.google.com/maps?ll=40.74,8.151111&spn=0.01,0.01&t=h&q=40.74,8.151111"
374,375,Orellana Vieja,39.0,-5.5333,"http://maps.google.com/maps?ll=39.0,-5.5333&spn=0.01,0.01&t=h&q=39.0,-5.5333"
375,376,Canadá,38.356004,-4.964184,"http://maps.google.com/maps?ll=38.356004,-4.964184&spn=0.01,0.01&t=h&q=38.356004,-4.964184"
376,377,Chaparro Barrenado,38.296926,-4.977778,"http://maps.google.com/maps?ll=38.296926,-4.977778&spn=0.01,0.01&t=h&q=38.296926,-4.977778"
377,378,Fontanar,38.301962,-4.950769,"http://maps.google.com/maps?ll=38.301962,-4.950769&spn=0.01,0.01&t=h&q=38.301962,-4.950769"
378,379,Sortijón del Cuzna,38.197497,-4.938638,"http://maps.google.com/maps?ll=38.197497,-4.938638&spn=0.01,0.01&t=h&q=38.197497,-4.938638"
379,380,Los Pobos,38.262668,-4.585189,"http://maps.google.com/maps?ll=38.262668,-4.585189&spn=0.01,0.01&t=h&q=38.262668,-4.585189"
380,381,La Atalaya,38.265471,-4.920006,"http://maps.google.com/maps?ll=38.265471,-4.920006&spn=0.01,0.01&t=h&q=38.265471,-4.920006"
381,382,El Soldado,38.317817,-5.09031,"http://maps.google.com/maps?ll=38.317817,-5.09031&spn=0.01,0.01&t=h&q=38.317817,-5.09031"
382,383,Arroyo Perecedero,38.313736,-5.073306,"http://maps.google.com/maps?ll=38.313736,-5.073306&spn=0.01,0.01&t=h&q=38.313736,-5.073306"
383,384,Las Morras,38.650368,-5.018602,"http://maps.google.com/maps?ll=38.650368,-5.018602&spn=0.01,0.01&t=h&q=38.650368,-5.018602"
384,385,Los Almadenes,38.403839,-5.120316,"http://maps.google.com/maps?ll=38.403839,-5.120316&spn=0.01,0.01&t=h&q=38.403839,-5.120316"
385,386,Cortijo de Peralbo,38.377806,-4.870703,"http://maps.google.com/maps?ll=38.377806,-4.870703&spn=0.01,0.01&t=h&q=38.377806,-4.870703"
386,387,La Pililla,38.39236,-4.823492,"http://maps.google.com/maps?ll=38.39236,-4.823492&spn=0.01,0.01&t=h&q=38.39236,-4.823492"
387,388,Almadenes del Soberbio,38.298975,-4.749755,"http://maps.google.com/maps?ll=38.298975,-4.749755&spn=0.01,0.01&t=h&q=38.298975,-4.749755"
388,389,Dehesa de Quirós,38.305707,-4.837421,"http://maps.google.com/maps?ll=38.305707,-4.837421&spn=0.01,0.01&t=h&q=38.305707,-4.837421"
389,390,Llano Tabernero,38.35198,-4.83338,"http://maps.google.com/maps?ll=38.35198,-4.83338&spn=0.01,0.01&t=h&q=38.35198,-4.83338"
390,391,Pentre,53.2421,-3.1985,"http://maps.google.com/maps?ll=53.2421,-3.1985&spn=0.01,0.01&t=h&q=53.2421,-3.1985"
391,392,Ruy Gomes,38.137389,-7.359456,"http://maps.google.com/maps?ll=38.137389,-7.359456&spn=0.01,0.01&t=h&q=38.137389,-7.359456"
392,393,Minancos,38.159964,-7.123655,"http://maps.google.com/maps?ll=38.159964,-7.123655&spn=0.01,0.01&t=h&q=38.159964,-7.123655"
393,394,Crugeira,38.125204,-7.487795,"http://maps.google.com/maps?ll=38.125204,-7.487795&spn=0.01,0.01&t=h&q=38.125204,-7.487795"
394,395,El Juncal,38.115278,-6.898236,"http://maps.google.com/maps?ll=38.115278,-6.898236&spn=0.01,0.01&t=h&q=38.115278,-6.898236"
395,396,El Campillo,37.6833,-6.6333,"http://maps.google.com/maps?ll=37.6833,-6.6333&spn=0.01,0.01&t=h&q=37.6833,-6.6333"
396,397,Pico del Aguila,38.030233,-6.911932,"http://maps.google.com/maps?ll=38.030233,-6.911932&spn=0.01,0.01&t=h&q=38.030233,-6.911932"
397,398,Los Guijarros,38.151779,-6.919323,"http://maps.google.com/maps?ll=38.151779,-6.919323&spn=0.01,0.01&t=h&q=38.151779,-6.919323"
398,399,Cueva de la Lapa,38.12745,-6.939841,"http://maps.google.com/maps?ll=38.12745,-6.939841&spn=0.01,0.01&t=h&q=38.12745,-6.939841"
399,400,Los Culeritos,38.079846,-6.946248,"http://maps.google.com/maps?ll=38.079846,-6.946248&spn=0.01,0.01&t=h&q=38.079846,-6.946248"
400,401,Kučajna,44.4514,21.6536,"http://maps.google.com/maps?ll=44.4514,21.6536&spn=0.01,0.01&t=h&q=44.4514,21.6536"
401,402,Majdanpek,44.416667,21.933333,"http://maps.google.com/maps?ll=44.416667,21.933333&spn=0.01,0.01&t=h&q=44.416667,21.933333"
402,403,La Plagne,46.1833,5.7333,"http://maps.google.com/maps?ll=46.1833,5.7333&spn=0.01,0.01&t=h&q=46.1833,5.7333"
403,404,El Ingertal,37.853869,-4.939302,"http://maps.google.com/maps?ll=37.853869,-4.939302&spn=0.01,0.01&t=h&q=37.853869,-4.939302"
404,405,El Francés,37.4667,-2.6667,"http://maps.google.com/maps?ll=37.4667,-2.6667&spn=0.01,0.01&t=h&q=37.4667,-2.6667"
405,406,El Rincón,37.848822,-5.298148,"http://maps.google.com/maps?ll=37.848822,-5.298148&spn=0.01,0.01&t=h&q=37.848822,-5.298148"
406,407,Calamón,37.879737,-5.113082,"http://maps.google.com/maps?ll=37.879737,-5.113082&spn=0.01,0.01&t=h&q=37.879737,-5.113082"
407,408,Sta Bárbara,37.89104,-5.127974,"http://maps.google.com/maps?ll=37.89104,-5.127974&spn=0.01,0.01&t=h&q=37.89104,-5.127974"
408,409,Dehesa de Covatillas,37.860391,-4.994697,"http://maps.google.com/maps?ll=37.860391,-4.994697&spn=0.01,0.01&t=h&q=37.860391,-4.994697"
409,410,Peña del Águila,37.811217,-5.040841,"http://maps.google.com/maps?ll=37.811217,-5.040841&spn=0.01,0.01&t=h&q=37.811217,-5.040841"
410,411,Cádiz,37.824256,-5.088872,"http://maps.google.com/maps?ll=37.824256,-5.088872&spn=0.01,0.01&t=h&q=37.824256,-5.088872"
411,412,Andrés,37.867226,-5.060802,"http://maps.google.com/maps?ll=37.867226,-5.060802&spn=0.01,0.01&t=h&q=37.867226,-5.060802"
412,413,Madereros,37.850864,-5.007473,"http://maps.google.com/maps?ll=37.850864,-5.007473&spn=0.01,0.01&t=h&q=37.850864,-5.007473"
413,414,Cerro Castaño,37.832286,-5.253652,"http://maps.google.com/maps?ll=37.832286,-5.253652&spn=0.01,0.01&t=h&q=37.832286,-5.253652"
414,415,Cerro del Esparto,37.901251,-5.296458,"http://maps.google.com/maps?ll=37.901251,-5.296458&spn=0.01,0.01&t=h&q=37.901251,-5.296458"
415,416,Regia,41.311137,0.763652,"http://maps.google.com/maps?ll=41.311137,0.763652&spn=0.01,0.01&t=h&q=41.311137,0.763652"
416,417,Reocín,43.342704,-4.095558,"http://maps.google.com/maps?ll=43.342704,-4.095558&spn=0.01,0.01&t=h&q=43.342704,-4.095558"
417,418,Río Ciurana,41.253952,0.50692,"http://maps.google.com/maps?ll=41.253952,0.50692&spn=0.01,0.01&t=h&q=41.253952,0.50692"
418,419,Rocabruna,42.3333,2.45,"http://maps.google.com/maps?ll=42.3333,2.45&spn=0.01,0.01&t=h&q=42.3333,2.45"
419,420,La Rodde,45.85,2.6333,"http://maps.google.com/maps?ll=45.85,2.6333&spn=0.01,0.01&t=h&q=45.85,2.6333"
420,421,Jezero,44.133333,20.5,"http://maps.google.com/maps?ll=44.133333,20.5&spn=0.01,0.01&t=h&q=44.133333,20.5"
421,422,Sauerland,53.333333,-3.855556,"http://maps.google.com/maps?ll=53.333333,-3.855556&spn=0.01,0.01&t=h&q=53.333333,-3.855556"
422,423,El Galayo,37.828569,-5.469669,"http://maps.google.com/maps?ll=37.828569,-5.469669&spn=0.01,0.01&t=h&q=37.828569,-5.469669"
423,424,Pozo Rico (Sevilla),38.152536,-5.78203,"http://maps.google.com/maps?ll=38.152536,-5.78203&spn=0.01,0.01&t=h&q=38.152536,-5.78203"
424,425,La Onza,38.053977,-5.551836,"http://maps.google.com/maps?ll=38.053977,-5.551836&spn=0.01,0.01&t=h&q=38.053977,-5.551836"
425,426,Gibla,37.989658,-5.575578,"http://maps.google.com/maps?ll=37.989658,-5.575578&spn=0.01,0.01&t=h&q=37.989658,-5.575578"
426,427,Potosí,38.10841,-5.851321,"http://maps.google.com/maps?ll=38.10841,-5.851321&spn=0.01,0.01&t=h&q=38.10841,-5.851321"
427,428,San Miguel (Sevilla),37.850834,-5.981045,"http://maps.google.com/maps?ll=37.850834,-5.981045&spn=0.01,0.01&t=h&q=37.850834,-5.981045"
428,429,Suerte,37.687715,-6.160882,"http://maps.google.com/maps?ll=37.687715,-6.160882&spn=0.01,0.01&t=h&q=37.687715,-6.160882"
429,430,Diana,37.659697,-6.250944,"http://maps.google.com/maps?ll=37.659697,-6.250944&spn=0.01,0.01&t=h&q=37.659697,-6.250944"
430,431,Shelve,51.294342,-2.827615,"http://maps.google.com/maps?ll=51.294342,-2.827615&spn=0.01,0.01&t=h&q=51.294342,-2.827615"
431,432,Siviez,46.136611,7.316032,"http://maps.google.com/maps?ll=46.136611,7.316032&spn=0.01,0.01&t=h&q=46.136611,7.316032"
432,433,Thorikos,37.7,24.05,"http://maps.google.com/maps?ll=37.7,24.05&spn=0.01,0.01&t=h&q=37.7,24.05"
433,434,Rusman,0.0,0.0,"http://maps.google.com/maps?ll=0.0,0.0&spn=0.01,0.01&t=h&q=0.0,0.0"
434,435,Gradiste,43.70363,21.746307,"http://maps.google.com/maps?ll=43.70363,21.746307&spn=0.01,0.01&t=h&q=43.70363,21.746307"
435,436,Valakonje,43.881032,22.000131,"http://maps.google.com/maps?ll=43.881032,22.000131&spn=0.01,0.01&t=h&q=43.881032,22.000131"
436,437,Lukovo,43.802302,21.841408,"http://maps.google.com/maps?ll=43.802302,21.841408&spn=0.01,0.01&t=h&q=43.802302,21.841408"
437,438,Gorni Lom,43.48357,22.745145,"http://maps.google.com/maps?ll=43.48357,22.745145&spn=0.01,0.01&t=h&q=43.48357,22.745145"
438,439,Zlot,44.015644,21.975555,"http://maps.google.com/maps?ll=44.015644,21.975555&spn=0.01,0.01&t=h&q=44.015644,21.975555"
439,440,Bor,44.078333,22.095278,"http://maps.google.com/maps?ll=44.078333,22.095278&spn=0.01,0.01&t=h&q=44.078333,22.095278"
440,441,Janjevo,42.58363,21.25634,"http://maps.google.com/maps?ll=42.58363,21.25634&spn=0.01,0.01&t=h&q=42.58363,21.25634"
441,442,Lece,42.9042,21.5239,"http://maps.google.com/maps?ll=42.9042,21.5239&spn=0.01,0.01&t=h&q=42.9042,21.5239"
442,443,Novo Brdo,42.616123,21.435097,"http://maps.google.com/maps?ll=42.616123,21.435097&spn=0.01,0.01&t=h&q=42.616123,21.435097"
443,444,Agrokipia,35.044444,33.155,"http://maps.google.com/maps?ll=35.044444,33.155&spn=0.01,0.01&t=h&q=35.044444,33.155"
444,445,Apliki,34.930833,33.116944,"http://maps.google.com/maps?ll=34.930833,33.116944&spn=0.01,0.01&t=h&q=34.930833,33.116944"
445,446,Asproyia,34.921944,32.615556,"http://maps.google.com/maps?ll=34.921944,32.615556&spn=0.01,0.01&t=h&q=34.921944,32.615556"
446,447,Ayios Mamas,34.85,32.95,"http://maps.google.com/maps?ll=34.85,32.95&spn=0.01,0.01&t=h&q=34.85,32.95"
447,448,Kalavassos,34.916667,33.633333,"http://maps.google.com/maps?ll=34.916667,33.633333&spn=0.01,0.01&t=h&q=34.916667,33.633333"
448,449,Kambia,34.825,32.741667,"http://maps.google.com/maps?ll=34.825,32.741667&spn=0.01,0.01&t=h&q=34.825,32.741667"
449,450,Kinousa,0.0,0.0,"http://maps.google.com/maps?ll=0.0,0.0&spn=0.01,0.01&t=h&q=0.0,0.0"
450,451,Limni,0.0,0.0,"http://maps.google.com/maps?ll=0.0,0.0&spn=0.01,0.01&t=h&q=0.0,0.0"
451,452,Mathiatis,34.962778,33.336111,"http://maps.google.com/maps?ll=34.962778,33.336111&spn=0.01,0.01&t=h&q=34.962778,33.336111"
452,453,Mavrovouni,0.0,0.0,"http://maps.google.com/maps?ll=0.0,0.0&spn=0.01,0.01&t=h&q=0.0,0.0"
453,454,Mazokambos,0.0,0.0,"http://maps.google.com/maps?ll=0.0,0.0&spn=0.01,0.01&t=h&q=0.0,0.0"
454,455,Mitsero,35.042222,33.126944,"http://maps.google.com/maps?ll=35.042222,33.126944&spn=0.01,0.01&t=h&q=35.042222,33.126944"
455,456,Sha,34.954722,33.39,"http://maps.google.com/maps?ll=34.954722,33.39&spn=0.01,0.01&t=h&q=34.954722,33.39"
456,457,Skouriotissa,35.091111,32.884722,"http://maps.google.com/maps?ll=35.091111,32.884722&spn=0.01,0.01&t=h&q=35.091111,32.884722"
457,458,Troulli,35.030848,33.616178,"http://maps.google.com/maps?ll=35.030848,33.616178&spn=0.01,0.01&t=h&q=35.030848,33.616178"
458,459,Poço das Freitas,41.791607,-7.742692,"http://maps.google.com/maps?ll=41.791607,-7.742692&spn=0.01,0.01&t=h&q=41.791607,-7.742692"
459,460,Trincheiras,41.766238,-7.586093,"http://maps.google.com/maps?ll=41.766238,-7.586093&spn=0.01,0.01&t=h&q=41.766238,-7.586093"
460,461,Serra de Santa Justa,41.244628,-8.57505,"http://maps.google.com/maps?ll=41.244628,-8.57505&spn=0.01,0.01&t=h&q=41.244628,-8.57505"
461,462,Três Minas,41.4833,-7.5167,"http://maps.google.com/maps?ll=41.4833,-7.5167&spn=0.01,0.01&t=h&q=41.4833,-7.5167"
462,463,Jales,41.238762,-8.412027,"http://maps.google.com/maps?ll=41.238762,-8.412027&spn=0.01,0.01&t=h&q=41.238762,-8.412027"
463,464,Serra de Banjas,41.238762,-8.412027,"http://maps.google.com/maps?ll=41.238762,-8.412027&spn=0.01,0.01&t=h&q=41.238762,-8.412027"
464,465,Valdeconejos,41.768692,-5.707399,"http://maps.google.com/maps?ll=41.768692,-5.707399&spn=0.01,0.01&t=h&q=41.768692,-5.707399"
465,466,Lozacio,41.699935,-5.789636,"http://maps.google.com/maps?ll=41.699935,-5.789636&spn=0.01,0.01&t=h&q=41.699935,-5.789636"
466,467,Udías,43.338333,-4.246941,"http://maps.google.com/maps?ll=43.338333,-4.246941&spn=0.01,0.01&t=h&q=43.338333,-4.246941"
467,468,Vialas,44.33444,3.89667,"http://maps.google.com/maps?ll=44.33444,3.89667&spn=0.01,0.01&t=h&q=44.33444,3.89667"
468,469,Villefranche-de-Rouergue,44.353333,2.035,"http://maps.google.com/maps?ll=44.353333,2.035&spn=0.01,0.01&t=h&q=44.353333,2.035"
469,470,Wadi Amram,29.651714,34.937005,"http://maps.google.com/maps?ll=29.651714,34.937005&spn=0.01,0.01&t=h&q=29.651714,34.937005"
470,471,Timna,29.787778,34.988889,"http://maps.google.com/maps?ll=29.787778,34.988889&spn=0.01,0.01&t=h&q=29.787778,34.988889"
471,472,Faynan,30.627084,35.493837,"http://maps.google.com/maps?ll=30.627084,35.493837&spn=0.01,0.01&t=h&q=30.627084,35.493837"
472,473,Baramiya,0.0,0.0,"http://maps.google.com/maps?ll=0.0,0.0&spn=0.01,0.01&t=h&q=0.0,0.0"
473,474,Bukhalug,0.0,0.0,"http://maps.google.com/maps?ll=0.0,0.0&spn=0.01,0.01&t=h&q=0.0,0.0"
474,475,Sukkari,24.949286,34.716337,"http://maps.google.com/maps?ll=24.949286,34.716337&spn=0.01,0.01&t=h&q=24.949286,34.716337"
475,476,Siqdit,0.0,0.0,"http://maps.google.com/maps?ll=0.0,0.0&spn=0.01,0.01&t=h&q=0.0,0.0"
476,477,Abu Zawal,26.666667,33.233333,"http://maps.google.com/maps?ll=26.666667,33.233333&spn=0.01,0.01&t=h&q=26.666667,33.233333"
477,478,Atalla,0.0,0.0,"http://maps.google.com/maps?ll=0.0,0.0&spn=0.01,0.01&t=h&q=0.0,0.0"
478,479,Samut,24.8394,33.9488,"http://maps.google.com/maps?ll=24.8394,33.9488&spn=0.01,0.01&t=h&q=24.8394,33.9488"
479,480,Dunqash,24.933333,33.866667,"http://maps.google.com/maps?ll=24.933333,33.866667&spn=0.01,0.01&t=h&q=24.933333,33.866667"
480,481,Bir Umm Fawakhir,24.952795,34.711604,"http://maps.google.com/maps?ll=24.952795,34.711604&spn=0.01,0.01&t=h&q=24.952795,34.711604"
481,482,Gelli,0.0,0.0,"http://maps.google.com/maps?ll=0.0,0.0&spn=0.01,0.01&t=h&q=0.0,0.0"
482,483,Ghuzza,0.0,0.0,"http://maps.google.com/maps?ll=0.0,0.0&spn=0.01,0.01&t=h&q=0.0,0.0"
483,484,Eridiya,0.0,0.0,"http://maps.google.com/maps?ll=0.0,0.0&spn=0.01,0.01&t=h&q=0.0,0.0"
484,485,Persou,0.0,0.0,"http://maps.google.com/maps?ll=0.0,0.0&spn=0.01,0.01&t=h&q=0.0,0.0"
485,486,Thasos (mountains),40.716667,24.766667,"http://maps.google.com/maps?ll=40.716667,24.766667&spn=0.01,0.01&t=h&q=40.716667,24.766667"
486,487,Cerro da Mina,37.44998,-7.750004,"http://maps.google.com/maps?ll=37.44998,-7.750004&spn=0.01,0.01&t=h&q=37.44998,-7.750004"
487,488,Santo Estevão,38.859618,-8.744744,"http://maps.google.com/maps?ll=38.859618,-8.744744&spn=0.01,0.01&t=h&q=38.859618,-8.744744"
488,489,Boicza,0.0,0.0,"http://maps.google.com/maps?ll=0.0,0.0&spn=0.01,0.01&t=h&q=0.0,0.0"
489,490,Kosmaj,44.466667,20.566667,"http://maps.google.com/maps?ll=44.466667,20.566667&spn=0.01,0.01&t=h&q=44.466667,20.566667"
490,491,Miraflores,38.778342,-5.599583,"http://maps.google.com/maps?ll=38.778342,-5.599583&spn=0.01,0.01&t=h&q=38.778342,-5.599583"
491,492,Barrio Nuevo,38.770187,-5.612944,"http://maps.google.com/maps?ll=38.770187,-5.612944&spn=0.01,0.01&t=h&q=38.770187,-5.612944"
492,493,Pico de Lirio,38.784564,-5.617517,"http://maps.google.com/maps?ll=38.784564,-5.617517&spn=0.01,0.01&t=h&q=38.784564,-5.617517"
493,494,Santo Cristo,38.634095,-5.785174,"http://maps.google.com/maps?ll=38.634095,-5.785174&spn=0.01,0.01&t=h&q=38.634095,-5.785174"
494,495,Fuente la Zarza,38.646649,-5.281374,"http://maps.google.com/maps?ll=38.646649,-5.281374&spn=0.01,0.01&t=h&q=38.646649,-5.281374"
495,496,Cerro de la Mina,38.495211,-6.541096,"http://maps.google.com/maps?ll=38.495211,-6.541096&spn=0.01,0.01&t=h&q=38.495211,-6.541096"
496,497,Arroyo Chamazo,38.760284,-5.914305,"http://maps.google.com/maps?ll=38.760284,-5.914305&spn=0.01,0.01&t=h&q=38.760284,-5.914305"
497,498,Rebelde Julia,38.760907,-5.587222,"http://maps.google.com/maps?ll=38.760907,-5.587222&spn=0.01,0.01&t=h&q=38.760907,-5.587222"
498,499,Lomo de Perro,38.774722,-5.456813,"http://maps.google.com/maps?ll=38.774722,-5.456813&spn=0.01,0.01&t=h&q=38.774722,-5.456813"
499,500,El Buho,38.707427,-5.616804,"http://maps.google.com/maps?ll=38.707427,-5.616804&spn=0.01,0.01&t=h&q=38.707427,-5.616804"
500,501,Triunfo Nueva Estrella,38.785458,-5.562787,"http://maps.google.com/maps?ll=38.785458,-5.562787&spn=0.01,0.01&t=h&q=38.785458,-5.562787"
501,502,Arroyo de las Minetas,38.792634,-6.082369,"http://maps.google.com/maps?ll=38.792634,-6.082369&spn=0.01,0.01&t=h&q=38.792634,-6.082369"
502,503,Cancho Blanco,38.600937,-5.81707,"http://maps.google.com/maps?ll=38.600937,-5.81707&spn=0.01,0.01&t=h&q=38.600937,-5.81707"
503,504,Gamonita,38.708465,-5.560633,"http://maps.google.com/maps?ll=38.708465,-5.560633&spn=0.01,0.01&t=h&q=38.708465,-5.560633"
504,505,Tamarindo,38.752084,-5.534783,"http://maps.google.com/maps?ll=38.752084,-5.534783&spn=0.01,0.01&t=h&q=38.752084,-5.534783"
505,506,Majada Hermosa,38.698903,-5.357016,"http://maps.google.com/maps?ll=38.698903,-5.357016&spn=0.01,0.01&t=h&q=38.698903,-5.357016"
506,507,Antoñita,38.775136,-5.552935,"http://maps.google.com/maps?ll=38.775136,-5.552935&spn=0.01,0.01&t=h&q=38.775136,-5.552935"
507,508,La Perdiz,38.79091,-6.005756,"http://maps.google.com/maps?ll=38.79091,-6.005756&spn=0.01,0.01&t=h&q=38.79091,-6.005756"
508,509,La Matilla,38.495499,-5.993158,"http://maps.google.com/maps?ll=38.495499,-5.993158&spn=0.01,0.01&t=h&q=38.495499,-5.993158"
509,510,Atollar de los Frailes,38.624862,-5.610548,"http://maps.google.com/maps?ll=38.624862,-5.610548&spn=0.01,0.01&t=h&q=38.624862,-5.610548"
510,511,Quinto Rascarroña,38.82907,-5.25235,"http://maps.google.com/maps?ll=38.82907,-5.25235&spn=0.01,0.01&t=h&q=38.82907,-5.25235"
511,512,Cerro de la Cruces,38.550307,-6.068925,"http://maps.google.com/maps?ll=38.550307,-6.068925&spn=0.01,0.01&t=h&q=38.550307,-6.068925"
512,513,La Alondra,38.767287,-5.586174,"http://maps.google.com/maps?ll=38.767287,-5.586174&spn=0.01,0.01&t=h&q=38.767287,-5.586174"
513,514,Monterroso,43.128778,-6.765377,"http://maps.google.com/maps?ll=43.128778,-6.765377&spn=0.01,0.01&t=h&q=43.128778,-6.765377"
514,515,La Mortera,43.322709,-6.58308,"http://maps.google.com/maps?ll=43.322709,-6.58308&spn=0.01,0.01&t=h&q=43.322709,-6.58308"
515,516,Fastias,43.4049,-6.444853,"http://maps.google.com/maps?ll=43.4049,-6.444853&spn=0.01,0.01&t=h&q=43.4049,-6.444853"
516,517,El Bachicón,43.267883,-6.705021,"http://maps.google.com/maps?ll=43.267883,-6.705021&spn=0.01,0.01&t=h&q=43.267883,-6.705021"
517,518,Agüera,43.445796,-6.503673,"http://maps.google.com/maps?ll=43.445796,-6.503673&spn=0.01,0.01&t=h&q=43.445796,-6.503673"
518,519,Alto del Palo,43.315181,-6.62104,"http://maps.google.com/maps?ll=43.315181,-6.62104&spn=0.01,0.01&t=h&q=43.315181,-6.62104"
519,520,Lanz,42.998148,-1.620067,"http://maps.google.com/maps?ll=42.998148,-1.620067&spn=0.01,0.01&t=h&q=42.998148,-1.620067"
520,521,Pico Montouto,43.331134,-6.635069,"http://maps.google.com/maps?ll=43.331134,-6.635069&spn=0.01,0.01&t=h&q=43.331134,-6.635069"
521,522,Penedela,42.996921,-6.796154,"http://maps.google.com/maps?ll=42.996921,-6.796154&spn=0.01,0.01&t=h&q=42.996921,-6.796154"
522,523,Navelgas,43.405794,-6.543346,"http://maps.google.com/maps?ll=43.405794,-6.543346&spn=0.01,0.01&t=h&q=43.405794,-6.543346"
523,524,Ermita de Andamies,43.391727,-6.473667,"http://maps.google.com/maps?ll=43.391727,-6.473667&spn=0.01,0.01&t=h&q=43.391727,-6.473667"
524,525,Río del Oro,43.273884,-6.828116,"http://maps.google.com/maps?ll=43.273884,-6.828116&spn=0.01,0.01&t=h&q=43.273884,-6.828116"
525,526,Lavadoira,43.300541,-6.647281,"http://maps.google.com/maps?ll=43.300541,-6.647281&spn=0.01,0.01&t=h&q=43.300541,-6.647281"
526,527,Porciles,43.302398,-6.59967,"http://maps.google.com/maps?ll=43.302398,-6.59967&spn=0.01,0.01&t=h&q=43.302398,-6.59967"
527,528,Santiago Cerredo,43.334847,-6.57764,"http://maps.google.com/maps?ll=43.334847,-6.57764&spn=0.01,0.01&t=h&q=43.334847,-6.57764"
528,529,Pumar,43.172329,-6.747015,"http://maps.google.com/maps?ll=43.172329,-6.747015&spn=0.01,0.01&t=h&q=43.172329,-6.747015"
529,530,Río Navia 2,43.519675,-6.738616,"http://maps.google.com/maps?ll=43.519675,-6.738616&spn=0.01,0.01&t=h&q=43.519675,-6.738616"
530,531,Sierra de Begega,43.3,-6.266667,"http://maps.google.com/maps?ll=43.3,-6.266667&spn=0.01,0.01&t=h&q=43.3,-6.266667"
531,532,Estrella,41.027754,-1.879932,"http://maps.google.com/maps?ll=41.027754,-1.879932&spn=0.01,0.01&t=h&q=41.027754,-1.879932"
532,533,Lagos de Silva,43.542166,-6.901318,"http://maps.google.com/maps?ll=43.542166,-6.901318&spn=0.01,0.01&t=h&q=43.542166,-6.901318"
533,534,Hervederas,43.348637,-6.540533,"http://maps.google.com/maps?ll=43.348637,-6.540533&spn=0.01,0.01&t=h&q=43.348637,-6.540533"
534,535,Ibollo,43.232455,-6.72536,"http://maps.google.com/maps?ll=43.232455,-6.72536&spn=0.01,0.01&t=h&q=43.232455,-6.72536"
535,536,Arroyo del Oro,43.358683,-6.684119,"http://maps.google.com/maps?ll=43.358683,-6.684119&spn=0.01,0.01&t=h&q=43.358683,-6.684119"
536,537,Faidiel,43.202362,-6.731678,"http://maps.google.com/maps?ll=43.202362,-6.731678&spn=0.01,0.01&t=h&q=43.202362,-6.731678"
537,538,Carcabón de Orrúa,43.332875,-6.761223,"http://maps.google.com/maps?ll=43.332875,-6.761223&spn=0.01,0.01&t=h&q=43.332875,-6.761223"
538,539,Solmayor,43.42047,-7.120685,"http://maps.google.com/maps?ll=43.42047,-7.120685&spn=0.01,0.01&t=h&q=43.42047,-7.120685"
539,540,Arganza,43.238064,-6.540513,"http://maps.google.com/maps?ll=43.238064,-6.540513&spn=0.01,0.01&t=h&q=43.238064,-6.540513"
540,541,Río Ibias,43.033094,-6.866902,"http://maps.google.com/maps?ll=43.033094,-6.866902&spn=0.01,0.01&t=h&q=43.033094,-6.866902"
541,542,San Félix de Las Montañas,43.264214,-6.536641,"http://maps.google.com/maps?ll=43.264214,-6.536641&spn=0.01,0.01&t=h&q=43.264214,-6.536641"
542,543,Ablaneda,43.375336,-6.260581,"http://maps.google.com/maps?ll=43.375336,-6.260581&spn=0.01,0.01&t=h&q=43.375336,-6.260581"
543,544,Riodeporcos,43.093857,-6.85472,"http://maps.google.com/maps?ll=43.093857,-6.85472&spn=0.01,0.01&t=h&q=43.093857,-6.85472"
544,545,Gumuldur,38.076393,27.02204,"http://maps.google.com/maps?ll=38.076393,27.02204&spn=0.01,0.01&t=h&q=38.076393,27.02204"
545,546,Dolaucothi,52.0446,-3.9498,"http://maps.google.com/maps?ll=52.0446,-3.9498&spn=0.01,0.01&t=h&q=52.0446,-3.9498"
546,547,Llanymynech,52.781339,-3.09027,"http://maps.google.com/maps?ll=52.781339,-3.09027&spn=0.01,0.01&t=h&q=52.781339,-3.09027"
547,548,Matlock,53.08389,-1.47908,"http://maps.google.com/maps?ll=53.08389,-1.47908&spn=0.01,0.01&t=h&q=53.08389,-1.47908"
548,549,Parys Mountain,53.382222,-4.3525,"http://maps.google.com/maps?ll=53.382222,-4.3525&spn=0.01,0.01&t=h&q=53.382222,-4.3525"
549,550,Victumlae,0.0,0.0,"http://maps.google.com/maps?ll=0.0,0.0&spn=0.01,0.01&t=h&q=0.0,0.0"
550,551,Wirksworth,53.08,-1.57,"http://maps.google.com/maps?ll=53.08,-1.57&spn=0.01,0.01&t=h&q=53.08,-1.57"
